Montant_de_la_commande,Quantite,Prix_Unité,Montant_Remise,Montant_Livraison,a_code_promo,canal_vente,Type_client,ville_client,prix_catalogue,En_Promo,canal_produit,Categorie,Type_Vente,Type_paiement,Annee,Mois,Trimestre,Semestre,est_saison_haute,remise_pct,ratio_prix_catalogue
26.89,1,26.89,0.0,7.0,1,B2C,Particulier,Ben Arous,26.89,False,Site Web,ARTICLES EN CUIVRE,Site_Web,PAYMEE,2023,7,Trimestre 3,Semestre 2,1,0.0,1.0
47.9,1,47.9,0.0,7.0,1,B2C,Particulier,Ben Arous,47.9,False,Site Web,LINGE DE MAISON,Site_Web,CASH ON DELIVERY,2023,7,Trimestre 3,Semestre 2,1,0.0,1.0
126.05,1,126.05,0.0,7.0,1,B2C,Particulier,Sidi Bou Zid,126.05,False,Site Web,TOTE BAGS,Site_Web,CASH ON DELIVERY,2023,7,Trimestre 3,Semestre 2,1,0.0,1.0
6050.42,200,30.25,0.0,0.0,1,B2C,Particulier,Tataouine,30.25,False,Site Web,DÉCORATION INTÉRIEUR,Site_Web,PAY IN PERSON,2023,8,Trimestre 3,Semestre 2,1,0.0,1.0
42.02,1,42.02,0.0,0.0,1,B2C,Particulier,Sidi Bou Zid,42.02,False,Site Web,CARAFES ET BOUTEILLES,Site_Web,PAYMEE,2023,8,Trimestre 3,Semestre 2,1,0.0,1.0
63.87,4,15.97,0.0,0.0,1,B2C,Particulier,Tunis,19.0,False,Site Web,RANGEMENTS,Site_Web,PAY IN PERSON,2023,9,Trimestre 3,Semestre 2,0,0.0,0.8405263157894737
6386.56,1,113.45,0.0,0.0,1,B2C,Particulier,Ariana,113.45,False,Site Web,COFFRETS CADEAUX,Site_Web,PAY IN PERSON,2023,10,Trimestre 4,Semestre 2,0,0.0,1.0
6386.56,1,75.63,0.0,0.0,1,B2C,Particulier,Ariana,75.63,False,Site Web,COFFRETS CADEAUX,Site_Web,PAY IN PERSON,2023,10,Trimestre 4,Semestre 2,0,0.0,1.0
6386.56,125,49.58,0.0,0.0,1,B2C,Particulier,Ariana,49.58,False,Site Web,COFFRETS CADEAUX,Site_Web,PAY IN PERSON,2023,10,Trimestre 4,Semestre 2,0,0.0,1.0
19.0,1,19.0,0.0,0.0,1,B2C,Particulier,Ben Arous,19.0,False,Site Web,RANGEMENTS,Site_Web,PAY IN PERSON,2023,12,Trimestre 4,Semestre 2,1,0.0,1.0
30.0,1,30.0,0.0,0.0,1,B2C,Particulier,Sousse,30.0,False,Site Web,JEUX,Site_Web,PAY IN PERSON,2023,12,Trimestre 4,Semestre 2,1,0.0,1.0
18.0,1,6.0,0.0,7.0,1,B2C,Particulier,Tunis,6.0,False,Site Web,LA TOUCHE DÉCO,Site_Web,PAY IN PERSON,2024,2,Trimestre 1,Semestre 1,0,0.0,1.0
18.0,1,6.0,0.0,7.0,1,B2C,Particulier,Tunis,6.0,False,Site Web,LA TOUCHE DÉCO,Site_Web,PAY IN PERSON,2024,2,Trimestre 1,Semestre 1,0,0.0,1.0
18.0,1,6.0,0.0,7.0,1,B2C,Particulier,Tunis,6.0,False,Site Web,LA TOUCHE DÉCO,Site_Web,PAY IN PERSON,2024,2,Trimestre 1,Semestre 1,0,0.0,1.0
34.0,2,17.0,0.0,7.0,1,B2C,Particulier,Tunis,17.0,False,Site Web,COFFRETS CADEAUX,Site_Web,PAY IN PERSON,2024,3,Trimestre 1,Semestre 1,0,0.0,1.0
30.0,1,30.0,0.0,7.0,1,B2C,Particulier,Tunis,30.0,False,Site Web,ART DE LA TABLE,Site_Web,PAY IN PERSON,2024,3,Trimestre 1,Semestre 1,0,0.0,1.0
29.0,1,17.0,0.0,7.0,1,B2C,Particulier,Ben Arous,17.0,False,Site Web,COFFRETS CADEAUX,Site_Web,PAY IN PERSON,2024,3,Trimestre 1,Semestre 1,0,0.0,1.0
29.0,1,12.0,0.0,7.0,1,B2C,Particulier,Ben Arous,12.0,False,Site Web,LA TOUCHE DÉCO,Site_Web,PAY IN PERSON,2024,3,Trimestre 1,Semestre 1,0,0.0,1.0
30.0,1,30.0,0.0,7.0,1,B2C,Particulier,Jendouba,30.0,False,Site Web,JEUX,Site_Web,PAY IN PERSON,2024,3,Trimestre 1,Semestre 1,0,0.0,1.0
30.0,1,30.0,0.0,7.0,1,B2C,Particulier,Kairouan,30.0,False,Site Web,JEUX,Site_Web,PAY IN PERSON,2024,5,Trimestre 2,Semestre 1,0,0.0,1.0
45.0,1,15.0,0.0,7.0,1,B2C,Particulier,Gafsa,15.0,False,Site Web,LA TOUCHE DÉCO,Site_Web,PAY IN PERSON,2024,5,Trimestre 2,Semestre 1,0,0.0,1.0
45.0,1,15.0,0.0,7.0,1,B2C,Particulier,Gafsa,15.0,False,Site Web,ART DE LA TABLE,Site_Web,PAY IN PERSON,2024,5,Trimestre 2,Semestre 1,0,0.0,1.0
45.0,1,15.0,0.0,7.0,1,B2C,Particulier,Gafsa,15.0,False,Site Web,PRODUITS DE BEAUTÉ,Site_Web,PAY IN PERSON,2024,5,Trimestre 2,Semestre 1,0,0.0,1.0
30.0,1,30.0,0.0,7.0,1,B2C,Particulier,Tunis,30.0,False,Site Web,JEUX,Site_Web,PAY IN PERSON,2024,6,Trimestre 2,Semestre 1,1,0.0,1.0
30.0,1,30.0,0.0,7.0,1,B2C,Particulier,Medenine,30.0,False,Site Web,JEUX,Site_Web,PAY IN PERSON,2024,6,Trimestre 2,Semestre 1,1,0.0,1.0
169.0,1,46.0,0.0,7.0,1,B2C,Particulier,Manouba,46.0,False,Site Web,JEUX,Site_Web,PAYMEE,2024,6,Trimestre 2,Semestre 1,1,0.0,1.0
169.0,1,65.0,0.0,7.0,1,B2C,Particulier,Manouba,65.0,False,Site Web,JEUX,Site_Web,PAYMEE,2024,6,Trimestre 2,Semestre 1,1,0.0,1.0
169.0,1,30.0,0.0,7.0,1,B2C,Particulier,Manouba,30.0,False,Site Web,JEUX,Site_Web,PAYMEE,2024,6,Trimestre 2,Semestre 1,1,0.0,1.0
169.0,1,28.0,0.0,7.0,1,B2C,Particulier,Manouba,28.0,False,Site Web,JEUX,Site_Web,PAYMEE,2024,6,Trimestre 2,Semestre 1,1,0.0,1.0
14.0,1,14.0,0.0,7.0,1,B2C,Particulier,Tunis,14.0,False,Site Web,LA TOUCHE DÉCO,Site_Web,PAY IN PERSON,2024,7,Trimestre 3,Semestre 2,1,0.0,1.0
75.0,1,30.0,0.0,7.0,1,B2C,Particulier,Nabeul,30.0,False,Site Web,JEUX,Site_Web,PAY IN PERSON,2024,7,Trimestre 3,Semestre 2,1,0.0,1.0
75.0,1,45.0,0.0,7.0,1,B2C,Particulier,Nabeul,45.0,False,Site Web,JEUX,Site_Web,PAY IN PERSON,2024,7,Trimestre 3,Semestre 2,1,0.0,1.0
75.0,1,30.0,0.0,7.0,1,B2C,Particulier,Sousse,30.0,False,Site Web,JEUX,Site_Web,PAY IN PERSON,2024,7,Trimestre 3,Semestre 2,1,0.0,1.0
75.0,1,45.0,0.0,7.0,1,B2C,Particulier,Sousse,45.0,False,Site Web,JEUX,Site_Web,PAY IN PERSON,2024,7,Trimestre 3,Semestre 2,1,0.0,1.0
58.0,1,58.0,0.0,7.0,1,B2C,Particulier,Medenine,58.0,False,Site Web,JEUX,Site_Web,PAY IN PERSON,2024,8,Trimestre 3,Semestre 2,1,0.0,1.0
65.0,1,65.0,0.0,7.0,1,B2C,Particulier,Monastir,65.0,False,Site Web,JEUX,Site_Web,PAY IN PERSON,2024,8,Trimestre 3,Semestre 2,1,0.0,1.0
55.0,1,55.0,0.0,7.0,1,B2C,Particulier,Medenine,55.0,False,Site Web,COFFRETS CADEAUX,Site_Web,PAY IN PERSON,2024,8,Trimestre 3,Semestre 2,1,0.0,1.0
30.0,1,30.0,0.0,7.0,1,B2C,Particulier,Sfax,30.0,False,Site Web,JEUX,Site_Web,PAY IN PERSON,2024,8,Trimestre 3,Semestre 2,1,0.0,1.0
180.0,1,180.0,0.0,7.0,1,B2C,Particulier,Sousse,180.0,False,Site Web,CARAFES ET BOUTEILLES,Site_Web,PAY IN PERSON,2024,9,Trimestre 3,Semestre 2,0,0.0,1.0
48.0,1,48.0,0.0,7.0,1,B2C,Particulier,Tunis,48.0,False,Site Web,JEUX,Site_Web,PAY IN PERSON,2024,9,Trimestre 3,Semestre 2,0,0.0,1.0
160.0,5,32.0,0.0,0.0,1,B2B,Entreprise,Sousse,38.08,False,Terrain,COFFRETS CADEAUX,Terrain,VIREMENT,2024,9,Trimestre 3,Semestre 2,0,0.0,0.8403361344537815
110.0,2,40.0,0.0,7.0,1,B2C,Particulier,Tunis,40.0,False,Site Web,LA TOUCHE DÉCO,Site_Web,PAY IN PERSON,2024,10,Trimestre 4,Semestre 2,0,0.0,1.0
110.0,1,30.0,0.0,7.0,1,B2C,Particulier,Tunis,30.0,False,Site Web,LA TOUCHE DÉCO,Site_Web,PAY IN PERSON,2024,10,Trimestre 4,Semestre 2,0,0.0,1.0
26784.0,432,62.0,0.0,0.0,1,B2B,Entreprise,Tunis,62.1178,False,Terrain,COFFRETS CADEAUX,Terrain,VIREMENT,2024,10,Trimestre 4,Semestre 2,0,0.0,0.9981036031540074
45.0,3,15.0,0.0,7.0,1,B2C,Particulier,Tunis,15.0,False,Site Web,LINGE DE MAISON,Site_Web,PAY IN PERSON,2024,11,Trimestre 4,Semestre 2,0,0.0,1.0
70.0,1,70.0,0.0,7.0,1,B2C,Particulier,Tunis,49.9,False,Site Web,COFFRETS CADEAUX,Site_Web,PAY IN PERSON,2024,11,Trimestre 4,Semestre 2,0,0.0,1.402805611222445
192.0,1,160.0,0.0,0.0,1,B2B,Entreprise,Sousse,38.08,False,Terrain,COFFRETS CADEAUX,Terrain,VIREMENT,2024,11,Trimestre 4,Semestre 2,0,0.0,2.0
14500.0,500,29.0,0.0,0.0,1,B2B,Entreprise,Tunis,34.51,False,Terrain,COFFRETS CADEAUX,Terrain,VIREMENT,2024,11,Trimestre 4,Semestre 2,0,0.0,0.8403361344537815
2500.0,500,5.0,0.0,0.0,1,B2B,Entreprise,Tunis,5.949999999999999,False,Terrain,LA TOUCHE DÉCO,Terrain,VIREMENT,2024,11,Trimestre 4,Semestre 2,0,0.0,0.8403361344537816
1000.0,500,2.0,0.0,0.0,1,B2B,Entreprise,Tunis,2.38,False,Terrain,LINGE DE MAISON,Terrain,VIREMENT,2024,11,Trimestre 4,Semestre 2,0,0.0,0.8403361344537815
1000.0,500,2.0,0.0,0.0,1,B2B,Entreprise,Tunis,2.38,False,Terrain,LUMINAIRES,Terrain,VIREMENT,2024,11,Trimestre 4,Semestre 2,0,0.0,0.8403361344537815
500.0,500,1.0,0.0,0.0,1,B2B,Entreprise,Tunis,1.19,False,Terrain,RANGEMENTS,Terrain,VIREMENT,2024,11,Trimestre 4,Semestre 2,0,0.0,0.8403361344537815
30.0,1,30.0,0.0,7.0,1,B2C,Particulier,Tunis,30.0,False,Site Web,JEUX,Site_Web,PAY IN PERSON,2024,11,Trimestre 4,Semestre 2,0,0.0,1.0
70.0,1,70.0,0.0,7.0,1,B2C,Particulier,Tunis,49.9,False,Site Web,COFFRETS CADEAUX,Site_Web,PAY IN PERSON,2024,11,Trimestre 4,Semestre 2,0,0.0,1.402805611222445
128.0,4,32.0,0.0,0.0,1,B2B,Entreprise,Sousse,38.08,False,Terrain,COFFRETS CADEAUX,Terrain,VIREMENT,2024,12,Trimestre 4,Semestre 2,1,0.0,0.8403361344537815
26784.0,432,62.0,0.0,0.0,1,B2B,Entreprise,Tunis,73.78,False,Terrain,COFFRETS CADEAUX,Terrain,VIREMENT,2024,12,Trimestre 4,Semestre 2,1,0.0,0.8403361344537815
28.0,1,28.0,0.0,7.0,1,B2C,Particulier,Ariana,28.0,False,Site Web,JEUX,Site_Web,PAY IN PERSON,2024,12,Trimestre 4,Semestre 2,1,0.0,1.0
30.0,1,30.0,0.0,7.0,1,B2C,Particulier,Tunis,30.0,False,Site Web,JEUX,Site_Web,PAY IN PERSON,2024,12,Trimestre 4,Semestre 2,1,0.0,1.0
60.0,3,20.0,0.0,7.0,1,B2C,Particulier,Ariana,20.0,False,Site Web,TAPIS,Site_Web,PAY IN PERSON,2024,12,Trimestre 4,Semestre 2,1,0.0,1.0
104.0,1,58.0,0.0,7.0,1,B2C,Particulier,Manubah,58.0,False,Site Web,JEUX,Site_Web,PAY IN PERSON,2024,12,Trimestre 4,Semestre 2,1,0.0,1.0
104.0,1,46.0,0.0,7.0,1,B2C,Particulier,Manubah,46.0,False,Site Web,JEUX,Site_Web,PAY IN PERSON,2024,12,Trimestre 4,Semestre 2,1,0.0,1.0
30.0,1,30.0,0.0,7.0,1,B2C,Particulier,Tunis,30.0,False,Site Web,JEUX,Site_Web,PAY IN PERSON,2024,12,Trimestre 4,Semestre 2,1,0.0,1.0
30.0,1,30.0,0.0,7.0,1,B2C,Particulier,Monastir,30.0,False,Site Web,JEUX,Site_Web,PAY IN PERSON,2024,12,Trimestre 4,Semestre 2,1,0.0,1.0
224.0,7,32.0,0.0,0.0,1,B2B,Entreprise,Sousse,38.08,False,Terrain,COFFRETS CADEAUX,Terrain,VIREMENT,2025,1,Trimestre 1,Semestre 1,0,0.0,0.8403361344537815
128.0,4,32.0,0.0,0.0,1,B2B,Entreprise,Sousse,38.08,False,Terrain,COFFRETS CADEAUX,Terrain,VIREMENT,2025,1,Trimestre 1,Semestre 1,0,0.0,0.8403361344537815
50000.0,500,100.0,0.0,0.0,1,B2B,Entreprise,Tunis,119.0,False,Terrain,ARTISANAT,Terrain,VIREMENT,2025,1,Trimestre 1,Semestre 1,0,0.0,0.8403361344537815
58.0,1,58.0,0.0,7.0,1,B2C,Particulier,Ariana,58.0,False,Site Web,JEUX,Site_Web,PAY IN PERSON,2025,1,Trimestre 1,Semestre 1,0,0.0,1.0
120.0,1,120.0,0.0,7.0,1,B2C,Particulier,Tunis,120.0,False,Site Web,CARAFES ET BOUTEILLES,Site_Web,PAY IN PERSON,2025,1,Trimestre 1,Semestre 1,0,0.0,1.0
64.0,2,32.0,0.0,0.0,1,B2B,Entreprise,Ben Arous,38.08,False,Terrain,COFFRETS CADEAUX,Terrain,VIREMENT,2025,1,Trimestre 1,Semestre 1,0,0.0,0.8403361344537815
96.0,3,32.0,0.0,0.0,1,B2B,Entreprise,Ben Arous,38.08,False,Terrain,COFFRETS CADEAUX,Terrain,VIREMENT,2025,1,Trimestre 1,Semestre 1,0,0.0,0.8403361344537815
48.0,1,48.0,0.0,7.0,1,B2C,Particulier,Sousse,48.0,False,Site Web,JEUX,Site_Web,PAY IN PERSON,2025,1,Trimestre 1,Semestre 1,0,0.0,1.0
30.0,1,30.0,0.0,7.0,1,B2C,Particulier,Tunis,30.0,False,Site Web,JEUX,Site_Web,PAY IN PERSON,2025,1,Trimestre 1,Semestre 1,0,0.0,1.0
30.0,1,30.0,0.0,7.0,1,B2C,Particulier,Ariana,30.0,False,Site Web,JEUX,Site_Web,PAY IN PERSON,2025,1,Trimestre 1,Semestre 1,0,0.0,1.0
186.0,3,62.0,0.0,0.0,1,B2B,Entreprise,Tunis,73.78,False,Terrain,COFFRETS CADEAUX,Terrain,VIREMENT,2025,1,Trimestre 1,Semestre 1,0,0.0,0.8403361344537815
46.0,1,46.0,0.0,7.0,1,B2C,Particulier,Sousse,46.0,False,Site Web,JEUX,Site_Web,PAY IN PERSON,2025,1,Trimestre 1,Semestre 1,0,0.0,1.0
90.0,1,90.0,0.0,7.0,1,B2C,Particulier,Tunis,90.0,False,Site Web,"CÉRAMIQUES, VASES",Site_Web,WALLET PAYMENT,2025,1,Trimestre 1,Semestre 1,0,0.0,1.0
100.0,1,35.0,0.0,7.0,1,B2C,Particulier,Tunis,35.0,False,Site Web,"CÉRAMIQUES, VASES",Site_Web,PAY IN PERSON,2025,1,Trimestre 1,Semestre 1,0,0.0,1.0
100.0,1,15.0,0.0,7.0,1,B2C,Particulier,Tunis,15.0,False,Site Web,ART DE TABLE,Site_Web,PAY IN PERSON,2025,1,Trimestre 1,Semestre 1,0,0.0,1.0
100.0,1,20.0,0.0,7.0,1,B2C,Particulier,Tunis,20.0,False,Site Web,CARAFES ET BOUTEILLES,Site_Web,PAY IN PERSON,2025,1,Trimestre 1,Semestre 1,0,0.0,1.0
100.0,2,15.0,0.0,7.0,1,B2C,Particulier,Tunis,15.0,False,Site Web,ART DE TABLE,Site_Web,PAY IN PERSON,2025,1,Trimestre 1,Semestre 1,0,0.0,1.0
90.0,1,90.0,0.0,7.0,1,B2C,Particulier,Manouba,90.0,False,Site Web,"CÉRAMIQUES, VASES",Site_Web,WALLET PAYMENT,2025,1,Trimestre 1,Semestre 1,0,0.0,1.0
100.0,2,50.0,0.0,7.0,1,B2C,Particulier,Tunis,50.0,False,Site Web,"CÉRAMIQUES, VASES",Site_Web,PAY IN PERSON,2025,1,Trimestre 1,Semestre 1,0,0.0,1.0
105.0,1,20.0,0.0,7.0,1,B2C,Particulier,Tunis,20.0,False,Site Web,CARAFES ET BOUTEILLES,Site_Web,PAY IN PERSON,2025,1,Trimestre 1,Semestre 1,0,0.0,1.0
105.0,2,20.0,0.0,7.0,1,B2C,Particulier,Tunis,20.0,False,Site Web,CARAFES ET BOUTEILLES,Site_Web,PAY IN PERSON,2025,1,Trimestre 1,Semestre 1,0,0.0,1.0
105.0,1,45.0,0.0,7.0,1,B2C,Particulier,Tunis,45.0,False,Site Web,ARTICLES EN CUIVRE,Site_Web,PAY IN PERSON,2025,1,Trimestre 1,Semestre 1,0,0.0,1.0
79.0,1,34.0,0.0,7.0,1,B2C,Particulier,Tunis,34.0,False,Site Web,ART DE LA TABLE,Site_Web,WALLET PAYMENT,2025,1,Trimestre 1,Semestre 1,0,0.0,1.0
79.0,1,45.0,0.0,7.0,1,B2C,Particulier,Tunis,45.0,False,Site Web,ARTICLES EN CUIVRE,Site_Web,WALLET PAYMENT,2025,1,Trimestre 1,Semestre 1,0,0.0,1.0
90.0,1,45.0,0.0,7.0,1,B2C,Particulier,Tunis,45.0,False,Site Web,ARTISANAT,Site_Web,WALLET PAYMENT,2025,1,Trimestre 1,Semestre 1,0,0.0,1.0
90.0,1,45.0,0.0,7.0,1,B2C,Particulier,Tunis,45.0,False,Site Web,"CÉRAMIQUES, VASES",Site_Web,WALLET PAYMENT,2025,1,Trimestre 1,Semestre 1,0,0.0,1.0
90.0,1,70.0,0.0,7.0,1,B2C,Particulier,Tunis,70.0,False,Site Web,LA TOUCHE DÉCO,Site_Web,WALLET PAYMENT,2025,1,Trimestre 1,Semestre 1,0,0.0,1.0
90.0,1,20.0,0.0,7.0,1,B2C,Particulier,Tunis,20.0,False,Site Web,CARAFES ET BOUTEILLES,Site_Web,WALLET PAYMENT,2025,1,Trimestre 1,Semestre 1,0,0.0,1.0
99.0,1,20.0,0.0,8.0,1,B2C,Particulier,Tunis,20.0,False,Site Web,CARAFES ET BOUTEILLES,Site_Web,PAY IN PERSON,2025,2,Trimestre 1,Semestre 1,0,0.0,1.0
99.0,1,34.0,0.0,8.0,1,B2C,Particulier,Tunis,34.0,False,Site Web,ART DE LA TABLE,Site_Web,PAY IN PERSON,2025,2,Trimestre 1,Semestre 1,0,0.0,1.0
99.0,1,45.0,0.0,8.0,1,B2C,Particulier,Tunis,45.0,False,Site Web,ARTISANAT,Site_Web,PAY IN PERSON,2025,2,Trimestre 1,Semestre 1,0,0.0,1.0
128.0,4,32.0,0.0,0.0,1,B2B,Entreprise,Sousse,38.08,False,Terrain,COFFRETS CADEAUX,Terrain,VIREMENT,2025,2,Trimestre 1,Semestre 1,0,0.0,0.8403361344537815
64.0,2,32.0,0.0,0.0,1,B2B,Entreprise,Ben Arous,38.08,False,Terrain,COFFRETS CADEAUX,Terrain,VIREMENT,2025,2,Trimestre 1,Semestre 1,0,0.0,0.8403361344537815
30.0,1,30.0,0.0,8.0,1,B2C,Particulier,Tunis,30.0,False,Site Web,JEUX,Site_Web,PAY IN PERSON,2025,2,Trimestre 1,Semestre 1,0,0.0,1.0
72.0,1,20.0,0.0,8.0,1,B2C,Particulier,Tunis,20.0,False,Site Web,CARAFES ET BOUTEILLES,Site_Web,WALLET PAYMENT,2025,2,Trimestre 1,Semestre 1,0,0.0,1.0
72.0,1,20.0,0.0,8.0,1,B2C,Particulier,Tunis,20.0,False,Site Web,CARAFES ET BOUTEILLES,Site_Web,WALLET PAYMENT,2025,2,Trimestre 1,Semestre 1,0,0.0,1.0
72.0,1,17.0,0.0,8.0,1,B2C,Particulier,Tunis,17.0,False,Site Web,ART DE TABLE,Site_Web,WALLET PAYMENT,2025,2,Trimestre 1,Semestre 1,0,0.0,1.0
72.0,1,15.0,0.0,8.0,1,B2C,Particulier,Tunis,15.0,False,Site Web,ART DE TABLE,Site_Web,WALLET PAYMENT,2025,2,Trimestre 1,Semestre 1,0,0.0,1.0
95.0,1,50.0,0.0,8.0,1,B2C,Particulier,Monastir,50.0,False,Site Web,"CÉRAMIQUES, VASES",Site_Web,PAY IN PERSON,2025,2,Trimestre 1,Semestre 1,0,0.0,1.0
95.0,1,45.0,0.0,8.0,1,B2C,Particulier,Monastir,45.0,False,Site Web,ARTISANAT,Site_Web,PAY IN PERSON,2025,2,Trimestre 1,Semestre 1,0,0.0,1.0
105.0,1,70.0,0.0,8.0,1,B2C,Particulier,Tunis,70.0,False,Site Web,LA TOUCHE DÉCO,Site_Web,PAY IN PERSON,2025,2,Trimestre 1,Semestre 1,0,0.0,1.0
105.0,1,35.0,0.0,8.0,1,B2C,Particulier,Tunis,35.0,False,Site Web,"CÉRAMIQUES, VASES",Site_Web,PAY IN PERSON,2025,2,Trimestre 1,Semestre 1,0,0.0,1.0
99.0,1,45.0,0.0,8.0,1,B2C,Particulier,Tunis,45.0,False,Site Web,ARTICLES EN CUIVRE,Site_Web,PAY IN PERSON,2025,2,Trimestre 1,Semestre 1,0,0.0,1.0
99.0,1,34.0,0.0,8.0,1,B2C,Particulier,Tunis,34.0,False,Site Web,ARTICLES EN CUIVRE,Site_Web,PAY IN PERSON,2025,2,Trimestre 1,Semestre 1,0,0.0,1.0
99.0,1,20.0,0.0,8.0,1,B2C,Particulier,Tunis,20.0,False,Site Web,"CÉRAMIQUES, SERVICE DE TABLE",Site_Web,PAY IN PERSON,2025,2,Trimestre 1,Semestre 1,0,0.0,1.0
90.0,1,90.0,0.0,8.0,1,B2C,Particulier,Tunis,90.0,False,Site Web,"CÉRAMIQUES, VASES",Site_Web,PAY IN PERSON,2025,2,Trimestre 1,Semestre 1,0,0.0,1.0
109.0,1,92.0,0.0,8.0,1,B2C,Particulier,Tunis,92.0,False,Site Web,VASES,Site_Web,PAY IN PERSON,2025,2,Trimestre 1,Semestre 1,0,0.0,1.0
109.0,1,17.0,0.0,8.0,1,B2C,Particulier,Tunis,17.0,False,Site Web,ART DE TABLE,Site_Web,PAY IN PERSON,2025,2,Trimestre 1,Semestre 1,0,0.0,1.0
56525.0,850,66.5,0.0,0.0,1,B2B,Entreprise,Tunis,79.13499999999999,False,Terrain,ARTICLES EN CUIVRE,Terrain,VIREMENT,2025,2,Trimestre 1,Semestre 1,0,0.0,0.8403361344537816
1500.0,1,1500.0,0.0,0.0,1,B2B,Entreprise,Tunis,1785.0,False,Terrain,LUMINAIRES,Terrain,VIREMENT,2025,2,Trimestre 1,Semestre 1,0,0.0,0.8403361344537815
25.0,1,25.0,0.0,8.0,1,B2C,Particulier,Sousse,25.0,False,Site Web,"CÉRAMIQUES, SERVICE DE TABLE",Site_Web,PAY IN PERSON,2025,2,Trimestre 1,Semestre 1,0,0.0,1.0
100.0,2,50.0,0.0,8.0,1,B2C,Particulier,Sousse,50.0,False,Site Web,JEUX,Site_Web,PAY IN PERSON,2025,2,Trimestre 1,Semestre 1,0,0.0,1.0
50.0,1,25.0,0.0,8.0,1,B2C,Particulier,Ben Arous,25.0,False,Site Web,"CÉRAMIQUES, SERVICE DE TABLE",Site_Web,PAY IN PERSON,2025,2,Trimestre 1,Semestre 1,0,0.0,1.0
50.0,1,25.0,0.0,8.0,1,B2C,Particulier,Ben Arous,30.0,False,Site Web,"CÉRAMIQUES, SERVICE DE TABLE",Site_Web,PAY IN PERSON,2025,2,Trimestre 1,Semestre 1,0,0.0,0.8333333333333334
25.0,1,25.0,0.0,8.0,1,B2C,Particulier,Ariana,25.0,False,Site Web,"CÉRAMIQUES, SERVICE DE TABLE",Site_Web,PAY IN PERSON,2025,2,Trimestre 1,Semestre 1,0,0.0,1.0
150.0,2,20.0,30.0,8.0,1,B2C,Particulier,Ben Arous,25.0,False,Site Web,"CÉRAMIQUES, SERVICE DE TABLE",Site_Web,PAY IN PERSON,2025,2,Trimestre 1,Semestre 1,0,1.0,0.8
150.0,2,20.0,0.0,8.0,1,B2C,Particulier,Ben Arous,30.0,False,Site Web,"CÉRAMIQUES, SERVICE DE TABLE",Site_Web,PAY IN PERSON,2025,2,Trimestre 1,Semestre 1,0,0.0,0.6666666666666666
150.0,2,20.0,0.0,8.0,1,B2C,Particulier,Ben Arous,25.0,False,Site Web,SCULPTURES,Site_Web,PAY IN PERSON,2025,2,Trimestre 1,Semestre 1,0,0.0,0.8
50.0,1,50.0,0.0,8.0,1,B2C,Particulier,Nabeul,50.0,False,Site Web,ART DE LA TABLE,Site_Web,AUTRE,2025,2,Trimestre 1,Semestre 1,0,0.0,1.0
100.0,1,50.0,0.0,0.0,1,B2C,Particulier,Tunis,50.0,False,Site Web,ART DE LA TABLE,Site_Web,AUTRE,2025,2,Trimestre 1,Semestre 1,0,0.0,1.0
100.0,1,50.0,0.0,0.0,1,B2C,Particulier,Tunis,50.0,False,Site Web,"CÉRAMIQUES, SERVICE DE TABLE",Site_Web,AUTRE,2025,2,Trimestre 1,Semestre 1,0,0.0,1.0
95.0,1,45.0,0.0,8.0,1,B2C,Particulier,Tunis,45.0,False,Site Web,"CÉRAMIQUES, VASES",Site_Web,PAY IN PERSON,2025,2,Trimestre 1,Semestre 1,0,0.0,1.0
95.0,1,25.0,0.0,8.0,1,B2C,Particulier,Tunis,25.0,False,Site Web,"CÉRAMIQUES, SERVICE DE TABLE",Site_Web,PAY IN PERSON,2025,2,Trimestre 1,Semestre 1,0,0.0,1.0
95.0,1,25.0,0.0,8.0,1,B2C,Particulier,Tunis,25.0,False,Site Web,VASES ET POTS,Site_Web,PAY IN PERSON,2025,2,Trimestre 1,Semestre 1,0,0.0,1.0
50.0,1,50.0,0.0,8.0,1,B2C,Particulier,Ariana,50.0,False,Site Web,ART DE LA TABLE,Site_Web,PAY IN PERSON,2025,2,Trimestre 1,Semestre 1,0,0.0,1.0
25.0,1,25.0,0.0,8.0,1,B2C,Particulier,Tunis,25.0,False,Site Web,SCULPTURES,Site_Web,PAY IN PERSON,2025,2,Trimestre 1,Semestre 1,0,0.0,1.0
50.0,1,50.0,0.0,8.0,1,B2C,Particulier,Gabes,50.0,False,Site Web,ART DE LA TABLE,Site_Web,PAY IN PERSON,2025,2,Trimestre 1,Semestre 1,0,0.0,1.0
25.0,1,25.0,0.0,8.0,1,B2C,Particulier,Sousse,25.0,False,Site Web,SCULPTURES,Site_Web,PAY IN PERSON,2025,2,Trimestre 1,Semestre 1,0,0.0,1.0
50.0,1,50.0,0.0,8.0,1,B2C,Particulier,Sfax,50.0,False,Site Web,ART DE LA TABLE,Site_Web,PAY IN PERSON,2025,2,Trimestre 1,Semestre 1,0,0.0,1.0
50.0,1,50.0,0.0,8.0,1,B2C,Particulier,Tunis,50.0,False,Site Web,ART DE LA TABLE,Site_Web,PAY IN PERSON,2025,2,Trimestre 1,Semestre 1,0,0.0,1.0
50.0,1,25.0,0.0,8.0,1,B2C,Particulier,Sfax,30.0,False,Site Web,"CÉRAMIQUES, SERVICE DE TABLE",Site_Web,PAY IN PERSON,2025,2,Trimestre 1,Semestre 1,0,0.0,0.8333333333333334
50.0,1,25.0,0.0,8.0,1,B2C,Particulier,Sfax,25.0,False,Site Web,SCULPTURES,Site_Web,PAY IN PERSON,2025,2,Trimestre 1,Semestre 1,0,0.0,1.0
50.0,2,25.0,0.0,8.0,1,B2C,Particulier,Monastir,25.0,False,Site Web,"CÉRAMIQUES, SERVICE DE TABLE",Site_Web,PAY IN PERSON,2025,2,Trimestre 1,Semestre 1,0,0.0,1.0
25.0,1,25.0,0.0,8.0,1,B2C,Particulier,Nabeul,30.0,False,Site Web,"CÉRAMIQUES, SERVICE DE TABLE",Site_Web,PAY IN PERSON,2025,2,Trimestre 1,Semestre 1,0,0.0,0.8333333333333334
25.0,1,25.0,0.0,8.0,1,B2C,Particulier,Nabeul,30.0,False,Site Web,"CÉRAMIQUES, SERVICE DE TABLE",Site_Web,PAY IN PERSON,2025,2,Trimestre 1,Semestre 1,0,0.0,0.8333333333333334
25.0,1,25.0,0.0,8.0,1,B2C,Particulier,Tunis,25.0,False,Site Web,"CÉRAMIQUES, SERVICE DE TABLE",Site_Web,PAY IN PERSON,2025,2,Trimestre 1,Semestre 1,0,0.0,1.0
25.0,1,25.0,0.0,8.0,1,B2C,Particulier,Ben Arous,25.0,False,Site Web,"CÉRAMIQUES, SERVICE DE TABLE",Site_Web,PAY IN PERSON,2025,2,Trimestre 1,Semestre 1,0,0.0,1.0
50.0,1,50.0,0.0,8.0,1,B2C,Particulier,Jendouba,50.0,False,Site Web,ART DE LA TABLE,Site_Web,PAY IN PERSON,2025,2,Trimestre 1,Semestre 1,0,0.0,1.0
25.0,1,25.0,0.0,8.0,1,B2C,Particulier,Ariana,25.0,False,Site Web,"CÉRAMIQUES, SERVICE DE TABLE",Site_Web,PAY IN PERSON,2025,2,Trimestre 1,Semestre 1,0,0.0,1.0
25.0,1,25.0,0.0,8.0,1,B2C,Particulier,Ariana,25.0,False,Site Web,"CÉRAMIQUES, SERVICE DE TABLE",Site_Web,PAY IN PERSON,2025,2,Trimestre 1,Semestre 1,0,0.0,1.0
50.0,1,50.0,0.0,8.0,1,B2C,Particulier,Sousse,50.0,False,Site Web,ART DE LA TABLE,Site_Web,PAY IN PERSON,2025,2,Trimestre 1,Semestre 1,0,0.0,1.0
50.0,2,25.0,0.0,8.0,1,B2C,Particulier,Tunis,30.0,False,Site Web,"CÉRAMIQUES, SERVICE DE TABLE",Site_Web,PAY IN PERSON,2025,2,Trimestre 1,Semestre 1,0,0.0,0.8333333333333334
115.0,1,85.0,0.0,8.0,1,B2C,Particulier,Tunis,85.0,False,Site Web,ARTICLES EN CUIVRE,Site_Web,PAY IN PERSON,2025,2,Trimestre 1,Semestre 1,0,0.0,1.0
115.0,1,30.0,0.0,8.0,1,B2C,Particulier,Tunis,30.0,False,Site Web,ARTICLES EN CUIVRE,Site_Web,PAY IN PERSON,2025,2,Trimestre 1,Semestre 1,0,0.0,1.0
25.0,1,25.0,0.0,8.0,1,B2C,Particulier,Bizerte,30.0,False,Site Web,"CÉRAMIQUES, SERVICE DE TABLE",Site_Web,PAY IN PERSON,2025,2,Trimestre 1,Semestre 1,0,0.0,0.8333333333333334
50.0,1,50.0,0.0,8.0,1,B2C,Particulier,Ben Arous,50.0,False,Site Web,ART DE LA TABLE,Site_Web,PAY IN PERSON,2025,2,Trimestre 1,Semestre 1,0,0.0,1.0
106.5,1,90.0,0.0,8.0,1,B2C,Particulier,Tunis,90.0,False,Site Web,ARTICLES EN CUIVRE,Site_Web,PAY IN PERSON,2025,2,Trimestre 1,Semestre 1,0,0.0,1.0
106.5,1,16.5,0.0,8.0,1,B2C,Particulier,Tunis,16.5,False,Site Web,ARTICLES EN CUIVRE,Site_Web,PAY IN PERSON,2025,2,Trimestre 1,Semestre 1,0,0.0,1.0
25.0,1,25.0,0.0,8.0,1,B2C,Particulier,Tunis,25.0,False,Site Web,"CÉRAMIQUES, SERVICE DE TABLE",Site_Web,PAY IN PERSON,2025,2,Trimestre 1,Semestre 1,0,0.0,1.0
25.0,1,25.0,0.0,8.0,1,B2C,Particulier,Medenine,25.0,False,Site Web,SCULPTURES,Site_Web,PAY IN PERSON,2025,2,Trimestre 1,Semestre 1,0,0.0,1.0
60.0,1,60.0,0.0,8.0,1,B2C,Particulier,Tunis,60.0,False,Site Web,ARTISANAT,Site_Web,PAY IN PERSON,2025,2,Trimestre 1,Semestre 1,0,0.0,1.0
25.0,1,25.0,0.0,8.0,1,B2C,Particulier,Medenine,25.0,False,Site Web,"CÉRAMIQUES, SERVICE DE TABLE",Site_Web,PAY IN PERSON,2025,2,Trimestre 1,Semestre 1,0,0.0,1.0
25.0,1,25.0,0.0,8.0,1,B2C,Particulier,Jendouba,25.0,False,Site Web,"CÉRAMIQUES, SERVICE DE TABLE",Site_Web,PAY IN PERSON,2025,2,Trimestre 1,Semestre 1,0,0.0,1.0
25.0,1,25.0,0.0,8.0,1,B2C,Particulier,Sousse,25.0,False,Site Web,"CÉRAMIQUES, SERVICE DE TABLE",Site_Web,PAY IN PERSON,2025,2,Trimestre 1,Semestre 1,0,0.0,1.0
95.0,1,45.0,0.0,8.0,1,B2C,Particulier,Tunis,45.0,False,Site Web,"CÉRAMIQUES, VASES",Site_Web,PAY IN PERSON,2025,2,Trimestre 1,Semestre 1,0,0.0,1.0
95.0,1,15.0,0.0,8.0,1,B2C,Particulier,Tunis,15.0,False,Site Web,VASES,Site_Web,PAY IN PERSON,2025,2,Trimestre 1,Semestre 1,0,0.0,1.0
95.0,1,15.0,0.0,8.0,1,B2C,Particulier,Tunis,20.0,False,Site Web,CARAFES ET BOUTEILLES,Site_Web,PAY IN PERSON,2025,2,Trimestre 1,Semestre 1,0,0.0,0.75
95.0,1,20.0,0.0,8.0,1,B2C,Particulier,Tunis,20.0,False,Site Web,CARAFES ET BOUTEILLES,Site_Web,PAY IN PERSON,2025,2,Trimestre 1,Semestre 1,0,0.0,1.0
92.0,1,92.0,0.0,8.0,1,B2C,Particulier,Tunis,92.0,False,Site Web,BOIS D'OLIVIER,Site_Web,AUTRE,2025,2,Trimestre 1,Semestre 1,0,0.0,1.0
100.0,1,50.0,0.0,8.0,1,B2C,Particulier,Tunis,50.0,False,Site Web,ART DE LA TABLE,Site_Web,PAY IN PERSON,2025,2,Trimestre 1,Semestre 1,0,0.0,1.0
100.0,1,50.0,0.0,8.0,1,B2C,Particulier,Tunis,50.0,False,Site Web,"CÉRAMIQUES, SERVICE DE TABLE",Site_Web,PAY IN PERSON,2025,2,Trimestre 1,Semestre 1,0,0.0,1.0
108.0,1,34.0,0.0,8.0,1,B2C,Particulier,Tunis,34.0,False,Site Web,ART DE LA TABLE,Site_Web,PAY IN PERSON,2025,2,Trimestre 1,Semestre 1,0,0.0,1.0
108.0,1,40.0,0.0,8.0,1,B2C,Particulier,Tunis,40.0,False,Site Web,ARTICLES EN CUIVRE,Site_Web,PAY IN PERSON,2025,2,Trimestre 1,Semestre 1,0,0.0,1.0
108.0,1,34.0,0.0,8.0,1,B2C,Particulier,Tunis,34.0,False,Site Web,ARTICLES EN CUIVRE,Site_Web,PAY IN PERSON,2025,2,Trimestre 1,Semestre 1,0,0.0,1.0
113.0,1,48.0,0.0,8.0,1,B2C,Particulier,Tunis,48.0,False,Site Web,JEUX,Site_Web,PAY IN PERSON,2025,2,Trimestre 1,Semestre 1,0,0.0,1.0
113.0,1,65.0,0.0,8.0,1,B2C,Particulier,Tunis,65.0,False,Site Web,JEUX,Site_Web,PAY IN PERSON,2025,2,Trimestre 1,Semestre 1,0,0.0,1.0
20.0,1,20.0,0.0,8.0,1,B2C,Particulier,Tunis,20.0,False,Site Web,CARAFES ET BOUTEILLES,Site_Web,PAY IN PERSON,2025,2,Trimestre 1,Semestre 1,0,0.0,1.0
92.0,1,92.0,0.0,8.0,1,B2C,Particulier,Jendouba,92.0,False,Site Web,BOIS D'OLIVIER,Site_Web,AUTRE,2025,2,Trimestre 1,Semestre 1,0,0.0,1.0
25.0,1,25.0,0.0,8.0,1,B2C,Particulier,Ariana,25.0,False,Site Web,"CÉRAMIQUES, SERVICE DE TABLE",Site_Web,PAY IN PERSON,2025,2,Trimestre 1,Semestre 1,0,0.0,1.0
92.0,1,92.0,0.0,8.0,1,B2C,Particulier,Sousse,92.0,False,Site Web,CARAFES ET BOUTEILLES,Site_Web,AUTRE,2025,2,Trimestre 1,Semestre 1,0,0.0,1.0
85.0,1,50.0,0.0,8.0,1,B2C,Particulier,Sousse,50.0,False,Site Web,"CÉRAMIQUES, VASES",Site_Web,WALLET PAYMENT,2025,2,Trimestre 1,Semestre 1,0,0.0,1.0
85.0,1,35.0,0.0,8.0,1,B2C,Particulier,Sousse,35.0,False,Site Web,ART DE TABLE,Site_Web,WALLET PAYMENT,2025,2,Trimestre 1,Semestre 1,0,0.0,1.0
25.0,1,25.0,0.0,8.0,1,B2C,Particulier,Jendouba,25.0,False,Site Web,"CÉRAMIQUES, SERVICE DE TABLE",Site_Web,PAY IN PERSON,2025,2,Trimestre 1,Semestre 1,0,0.0,1.0
129.0,1,129.0,0.0,8.0,1,B2C,Particulier,Tunis,129.0,False,Site Web,"VERRES, SERVICE DE TABLE",Site_Web,PAY IN PERSON,2025,3,Trimestre 1,Semestre 1,0,0.0,1.0
258.0,2,129.0,0.0,0.0,1,B2C,Particulier,Tunis,129.0,False,Site Web,"VERRES, SERVICE DE TABLE",Site_Web,PAY IN PERSON,2025,3,Trimestre 1,Semestre 1,0,0.0,1.0
129.0,1,129.0,0.0,8.0,1,B2C,Particulier,Tunis,129.0,False,Site Web,"VERRES, SERVICE DE TABLE",Site_Web,PAY IN PERSON,2025,3,Trimestre 1,Semestre 1,0,0.0,1.0
90.0,1,64.0,26.0,8.0,1,B2C,Particulier,Nabeul,90.0,False,Site Web,SERVICE DE TABLE,Site_Web,PAY IN PERSON,2025,3,Trimestre 1,Semestre 1,0,0.28888888888888886,0.7111111111111111
172.0,2,86.0,0.0,0.0,1,B2C,Particulier,Ariana,86.0,False,Site Web,ARTISANAT,Site_Web,PAY IN PERSON,2025,3,Trimestre 1,Semestre 1,0,0.0,1.0
156.0,1,90.0,0.0,0.0,1,B2C,Particulier,Tunis,90.0,False,Site Web,ARTICLES EN CUIVRE,Site_Web,PAY IN PERSON,2025,3,Trimestre 1,Semestre 1,0,0.0,1.0
156.0,4,16.5,0.0,0.0,1,B2C,Particulier,Tunis,16.5,False,Site Web,ARTICLES EN CUIVRE,Site_Web,PAY IN PERSON,2025,3,Trimestre 1,Semestre 1,0,0.0,1.0
130.0,1,35.0,0.0,8.0,1,B2C,Particulier,Sousse,35.0,False,Site Web,ART DE TABLE,Site_Web,PAY IN PERSON,2025,3,Trimestre 1,Semestre 1,0,0.0,1.0
130.0,1,45.0,0.0,8.0,1,B2C,Particulier,Sousse,45.0,False,Site Web,ARTISANAT,Site_Web,PAY IN PERSON,2025,3,Trimestre 1,Semestre 1,0,0.0,1.0
130.0,1,50.0,0.0,8.0,1,B2C,Particulier,Sousse,50.0,False,Site Web,"CÉRAMIQUES, VASES",Site_Web,PAY IN PERSON,2025,3,Trimestre 1,Semestre 1,0,0.0,1.0
128.0,4,32.0,0.0,0.0,1,B2B,Entreprise,Sousse,38.08,False,Terrain,COFFRETS CADEAUX,Terrain,VIREMENT,2025,3,Trimestre 1,Semestre 1,0,0.0,0.8403361344537815
15.0,1,15.0,0.0,0.0,1,B2B,Entreprise,Sousse,17.849999999999998,False,Terrain,LA TOUCHE DÉCO,Terrain,VIREMENT,2025,3,Trimestre 1,Semestre 1,0,0.0,0.8403361344537816
64.0,2,32.0,0.0,0.0,1,B2B,Entreprise,Ben Arous,38.08,False,Terrain,COFFRETS CADEAUX,Terrain,VIREMENT,2025,3,Trimestre 1,Semestre 1,0,0.0,0.8403361344537815
129.0,1,129.0,0.0,8.0,1,B2C,Particulier,Tunis,129.0,False,Site Web,ÉLEMENT DE DÉCO,Site_Web,PAY IN PERSON,2025,3,Trimestre 1,Semestre 1,0,0.0,1.0
50.0,1,37.5,12.5,8.0,1,B2C,Particulier,Ariana,50.0,False,Site Web,ART DE LA TABLE,Site_Web,PAY IN PERSON,2025,3,Trimestre 1,Semestre 1,0,0.25,0.75
56525.0,850,66.5,0.0,0.0,1,B2B,Entreprise,Tunis,79.13499999999999,False,Terrain,"VERRES, CUIVRES",Terrain,VIREMENT,2025,3,Trimestre 1,Semestre 1,0,0.0,0.8403361344537816
1500.0,1,1500.0,0.0,0.0,1,B2B,Entreprise,Tunis,1785.0,False,Terrain,LUMINAIRES,Terrain,VIREMENT,2025,3,Trimestre 1,Semestre 1,0,0.0,0.8403361344537815
2194.5,33,66.5,0.0,0.0,1,B2B,Entreprise,Tunis,79.13499999999999,False,Terrain,ARTICLES EN CUIVRE,Terrain,VIREMENT,2025,3,Trimestre 1,Semestre 1,0,0.0,0.8403361344537816
258.0,1,129.0,0.0,0.0,1,B2C,Particulier,Sfax,100.0,False,Site Web,"CÉRAMIQUES, SERVICE DE TABLE",Site_Web,PAY IN PERSON,2025,3,Trimestre 1,Semestre 1,0,0.0,1.29
258.0,1,129.0,0.0,0.0,1,B2C,Particulier,Sfax,100.0,False,Site Web,ART DE TABLE,Site_Web,PAY IN PERSON,2025,3,Trimestre 1,Semestre 1,0,0.0,1.29
258.0,2,129.0,0.0,0.0,1,B2C,Particulier,Medenine,100.0,False,Site Web,ART DE TABLE,Site_Web,PAY IN PERSON,2025,3,Trimestre 1,Semestre 1,0,0.0,1.29
92.0,1,92.0,0.0,8.0,1,B2C,Particulier,Ben Arous,92.0,False,Site Web,CARAFES ET BOUTEILLES,Site_Web,AUTRE,2025,3,Trimestre 1,Semestre 1,0,0.0,1.0
129.0,1,129.0,0.0,8.0,1,B2C,Particulier,Tunis,129.0,False,Site Web,ÉLEMENT DE DÉCO,Site_Web,PAY IN PERSON,2025,3,Trimestre 1,Semestre 1,0,0.0,1.0
150.0,1,120.0,0.0,8.0,1,B2C,Particulier,Tunis,120.0,False,Site Web,CARAFES ET BOUTEILLES,Site_Web,PAY IN PERSON,2025,3,Trimestre 1,Semestre 1,0,0.0,1.0
150.0,1,15.0,0.0,8.0,1,B2C,Particulier,Tunis,15.0,False,Site Web,VASES,Site_Web,PAY IN PERSON,2025,3,Trimestre 1,Semestre 1,0,0.0,1.0
150.0,1,15.0,0.0,8.0,1,B2C,Particulier,Tunis,20.0,False,Site Web,CARAFES ET BOUTEILLES,Site_Web,PAY IN PERSON,2025,3,Trimestre 1,Semestre 1,0,0.0,0.75
77.31,1,77.31,0.0,8.0,1,B2C,Particulier,Tunis,92.0,False,Site Web,VASES,Site_Web,PAY IN PERSON,2025,3,Trimestre 1,Semestre 1,0,0.0,0.8403260869565218
84.03,4,21.01,0.0,8.0,1,B2C,Particulier,Monastir,25.0,False,Site Web,"CÉRAMIQUES, SERVICE DE TABLE",Site_Web,PAY IN PERSON,2025,3,Trimestre 1,Semestre 1,0,0.0,0.8404
84.04,1,42.02,0.0,8.0,1,B2C,Particulier,Tunis,50.0,False,Site Web,"CÉRAMIQUES, VASES",Site_Web,PAY IN PERSON,2025,3,Trimestre 1,Semestre 1,0,0.0,0.8404
84.04,1,42.02,0.0,8.0,1,B2C,Particulier,Tunis,50.0,False,Site Web,ART DE LA TABLE,Site_Web,PAY IN PERSON,2025,3,Trimestre 1,Semestre 1,0,0.0,0.8404
126.0,2,12.75,31.5,8.0,1,B2C,Particulier,Tunis,17.0,False,Site Web,ART DE TABLE,Site_Web,PAY IN PERSON,2025,3,Trimestre 1,Semestre 1,0,1.0,0.75
126.0,1,69.0,0.0,8.0,1,B2C,Particulier,Tunis,92.0,False,Site Web,VASES,Site_Web,PAY IN PERSON,2025,3,Trimestre 1,Semestre 1,0,0.0,0.75
129.0,1,129.0,0.0,8.0,1,B2C,Particulier,Sousse,129.0,False,Site Web,ART DE LA TABLE,Site_Web,PAY IN PERSON,2025,3,Trimestre 1,Semestre 1,0,0.0,1.0
129.0,1,129.0,0.0,8.0,1,B2C,Particulier,Tunis,100.0,False,Site Web,ART DE TABLE,Site_Web,PAY IN PERSON,2025,3,Trimestre 1,Semestre 1,0,0.0,1.29
105.0,1,25.0,0.0,8.0,1,B2C,Particulier,Tunis,25.0,False,Site Web,"CÉRAMIQUES, SERVICE DE TABLE",Site_Web,PAY IN PERSON,2025,3,Trimestre 1,Semestre 1,0,0.0,1.0
105.0,1,35.0,0.0,8.0,1,B2C,Particulier,Tunis,35.0,False,Site Web,CÉRAMIQUES,Site_Web,PAY IN PERSON,2025,3,Trimestre 1,Semestre 1,0,0.0,1.0
105.0,1,45.0,0.0,8.0,1,B2C,Particulier,Tunis,45.0,False,Site Web,"CÉRAMIQUES, VASES",Site_Web,PAY IN PERSON,2025,3,Trimestre 1,Semestre 1,0,0.0,1.0
84.9,1,35.0,0.0,8.0,1,B2C,Particulier,Tunis,35.0,False,Site Web,ART DE TABLE,Site_Web,WALLET PAYMENT,2025,3,Trimestre 1,Semestre 1,0,0.0,1.0
84.9,1,49.9,0.0,8.0,1,B2C,Particulier,Tunis,49.9,False,Site Web,VERRES,Site_Web,WALLET PAYMENT,2025,3,Trimestre 1,Semestre 1,0,0.0,1.0
50.0,1,37.5,12.5,8.0,1,B2C,Particulier,Tunis,50.0,False,Site Web,ART DE LA TABLE,Site_Web,PAY IN PERSON,2025,3,Trimestre 1,Semestre 1,0,0.25,0.75
101.0,1,86.0,0.0,8.0,1,B2C,Particulier,Tunis,70.0,False,Site Web,ART DE TABLE,Site_Web,PAY IN PERSON,2025,3,Trimestre 1,Semestre 1,0,0.0,1.2285714285714286
101.0,1,15.0,0.0,8.0,1,B2C,Particulier,Tunis,15.0,False,Site Web,VASES,Site_Web,PAY IN PERSON,2025,3,Trimestre 1,Semestre 1,0,0.0,1.0
1505.0,12,16.5,0.0,0.0,1,B2C,Particulier,Tunis,16.5,False,Site Web,ARTICLES EN CUIVRE,Site_Web,PAY IN PERSON,2025,3,Trimestre 1,Semestre 1,0,0.0,1.0
1505.0,3,34.0,0.0,0.0,1,B2C,Particulier,Tunis,34.0,False,Site Web,ART DE LA TABLE,Site_Web,PAY IN PERSON,2025,3,Trimestre 1,Semestre 1,0,0.0,1.0
1505.0,12,30.0,0.0,0.0,1,B2C,Particulier,Tunis,30.0,False,Site Web,ARTICLES EN CUIVRE,Site_Web,PAY IN PERSON,2025,3,Trimestre 1,Semestre 1,0,0.0,1.0
1505.0,2,85.0,0.0,0.0,1,B2C,Particulier,Tunis,85.0,False,Site Web,ARTICLES EN CUIVRE,Site_Web,PAY IN PERSON,2025,3,Trimestre 1,Semestre 1,0,0.0,1.0
1505.0,3,65.0,0.0,0.0,1,B2C,Particulier,Tunis,65.0,False,Site Web,ARTICLES EN CUIVRE,Site_Web,PAY IN PERSON,2025,3,Trimestre 1,Semestre 1,0,0.0,1.0
1505.0,2,115.0,0.0,0.0,1,B2C,Particulier,Tunis,115.0,False,Site Web,ARTICLES EN CUIVRE,Site_Web,PAY IN PERSON,2025,3,Trimestre 1,Semestre 1,0,0.0,1.0
1505.0,2,125.0,0.0,0.0,1,B2C,Particulier,Tunis,125.0,False,Site Web,CARAFES ET BOUTEILLES,Site_Web,PAY IN PERSON,2025,3,Trimestre 1,Semestre 1,0,0.0,1.0
56525.0,850,66.5,0.0,0.0,1,B2B,Entreprise,Tunis,79.13499999999999,False,Terrain,"VERRES, CUIVRES",Terrain,VIREMENT,2025,3,Trimestre 1,Semestre 1,0,0.0,0.8403361344537816
1500.0,1,1500.0,0.0,0.0,1,B2B,Entreprise,Tunis,1785.0,False,Terrain,LUMINAIRES,Terrain,VIREMENT,2025,3,Trimestre 1,Semestre 1,0,0.0,0.8403361344537815
308.0,1,50.0,0.0,0.0,1,B2C,Particulier,Le Kef,50.0,False,Site Web,"VERRES, CUIVRES",Site_Web,PAY IN PERSON,2025,3,Trimestre 1,Semestre 1,0,0.0,1.0
308.0,1,129.0,0.0,0.0,1,B2C,Particulier,Le Kef,100.0,False,Site Web,"CÉRAMIQUES, SERVICE DE TABLE",Site_Web,PAY IN PERSON,2025,3,Trimestre 1,Semestre 1,0,0.0,1.29
308.0,1,129.0,0.0,0.0,1,B2C,Particulier,Le Kef,129.0,False,Site Web,ÉLEMENT DE DÉCO,Site_Web,PAY IN PERSON,2025,3,Trimestre 1,Semestre 1,0,0.0,1.0
50.0,1,50.0,0.0,8.0,1,B2C,Particulier,Jendouba,50.0,False,Site Web,"VERRES, CUIVRES",Site_Web,PAY IN PERSON,2025,3,Trimestre 1,Semestre 1,0,0.0,1.0
50.0,1,50.0,0.0,8.0,1,B2C,Particulier,Tunis,50.0,False,Site Web,"VERRES, CUIVRES",Site_Web,PAY IN PERSON,2025,3,Trimestre 1,Semestre 1,0,0.0,1.0
110.0,1,50.0,0.0,8.0,1,B2C,Particulier,Tunis,50.0,False,Site Web,ART DE LA TABLE,Site_Web,PAY IN PERSON,2025,3,Trimestre 1,Semestre 1,0,0.0,1.0
110.0,1,25.0,0.0,8.0,1,B2C,Particulier,Tunis,25.0,False,Site Web,"CÉRAMIQUES, SERVICE DE TABLE",Site_Web,PAY IN PERSON,2025,3,Trimestre 1,Semestre 1,0,0.0,1.0
110.0,1,15.0,0.0,8.0,1,B2C,Particulier,Tunis,15.0,False,Site Web,ART DE TABLE,Site_Web,PAY IN PERSON,2025,3,Trimestre 1,Semestre 1,0,0.0,1.0
110.0,1,20.0,0.0,8.0,1,B2C,Particulier,Tunis,20.0,False,Site Web,CARAFES ET BOUTEILLES,Site_Web,PAY IN PERSON,2025,3,Trimestre 1,Semestre 1,0,0.0,1.0
50.0,1,50.0,0.0,8.0,1,B2C,Particulier,Le Kef,50.0,False,Site Web,"VERRES, CUIVRES",Site_Web,PAY IN PERSON,2025,3,Trimestre 1,Semestre 1,0,0.0,1.0
129.0,1,129.0,0.0,8.0,1,B2C,Particulier,Tunis,129.0,False,Site Web,ÉLEMENT DE DÉCO,Site_Web,PAY IN PERSON,2025,4,Trimestre 2,Semestre 1,0,0.0,1.0
95.0,1,45.0,0.0,8.0,1,B2C,Particulier,Bizerte,45.0,False,Site Web,ARTICLES EN CUIVRE,Site_Web,PAY IN PERSON,2025,4,Trimestre 2,Semestre 1,0,0.0,1.0
95.0,1,50.0,0.0,8.0,1,B2C,Particulier,Bizerte,50.0,False,Site Web,"VERRES, CUIVRES",Site_Web,PAY IN PERSON,2025,4,Trimestre 2,Semestre 1,0,0.0,1.0
50.0,1,50.0,0.0,8.0,1,B2C,Particulier,Tunis,50.0,False,Site Web,"VERRES, CUIVRES",Site_Web,PAY IN PERSON,2025,4,Trimestre 2,Semestre 1,0,0.0,1.0
96.0,3,32.0,0.0,0.0,1,B2B,Entreprise,Sousse,38.08,False,Terrain,COFFRETS CADEAUX,Terrain,VIREMENT,2025,4,Trimestre 2,Semestre 1,0,0.0,0.8403361344537815
96.0,3,32.0,0.0,0.0,1,B2B,Entreprise,Ben Arous,38.08,False,Terrain,COFFRETS CADEAUX,Terrain,VIREMENT,2025,4,Trimestre 2,Semestre 1,0,0.0,0.8403361344537815
80.0,1,20.0,0.0,8.0,1,B2C,Particulier,Tunis,20.0,False,Site Web,"CÉRAMIQUES, SERVICE DE TABLE",Site_Web,WALLET PAYMENT,2025,4,Trimestre 2,Semestre 1,0,0.0,1.0
80.0,2,30.0,0.0,8.0,1,B2C,Particulier,Tunis,30.0,False,Site Web,ARTICLES EN CUIVRE,Site_Web,WALLET PAYMENT,2025,4,Trimestre 2,Semestre 1,0,0.0,1.0
100.0,2,25.0,0.0,8.0,1,B2C,Particulier,Tunis,25.0,False,Site Web,"CÉRAMIQUES, SERVICE DE TABLE",Site_Web,PAY IN PERSON,2025,4,Trimestre 2,Semestre 1,0,0.0,1.0
100.0,1,50.0,0.0,8.0,1,B2C,Particulier,Tunis,50.0,False,Site Web,ART DE LA TABLE,Site_Web,PAY IN PERSON,2025,4,Trimestre 2,Semestre 1,0,0.0,1.0
267.0,1,65.0,0.0,0.0,1,B2C,Particulier,Tunis,65.0,False,Site Web,JEUX,Site_Web,PAY IN PERSON,2025,4,Trimestre 2,Semestre 1,0,0.0,1.0
267.0,1,58.0,0.0,0.0,1,B2C,Particulier,Tunis,58.0,False,Site Web,JEUX,Site_Web,PAY IN PERSON,2025,4,Trimestre 2,Semestre 1,0,0.0,1.0
267.0,2,48.0,0.0,0.0,1,B2C,Particulier,Tunis,48.0,False,Site Web,LA TOUCHE DÉCO,Site_Web,PAY IN PERSON,2025,4,Trimestre 2,Semestre 1,0,0.0,1.0
267.0,1,48.0,0.0,0.0,1,B2C,Particulier,Tunis,48.0,False,Site Web,JEUX,Site_Web,PAY IN PERSON,2025,4,Trimestre 2,Semestre 1,0,0.0,1.0
100.0,1,50.0,0.0,8.0,1,B2C,Particulier,Tunis,50.0,False,Site Web,"CÉRAMIQUES, VASES",Site_Web,PAY IN PERSON,2025,4,Trimestre 2,Semestre 1,0,0.0,1.0
100.0,1,50.0,0.0,8.0,1,B2C,Particulier,Tunis,50.0,False,Site Web,ART DE LA TABLE,Site_Web,PAY IN PERSON,2025,4,Trimestre 2,Semestre 1,0,0.0,1.0
100.0,2,25.0,0.0,8.0,1,B2C,Particulier,Tunis,25.0,False,Site Web,"CÉRAMIQUES, SERVICE DE TABLE",Site_Web,PAY IN PERSON,2025,4,Trimestre 2,Semestre 1,0,0.0,1.0
100.0,1,50.0,0.0,8.0,1,B2C,Particulier,Tunis,50.0,False,Site Web,ART DE LA TABLE,Site_Web,PAY IN PERSON,2025,4,Trimestre 2,Semestre 1,0,0.0,1.0
86.0,1,86.0,0.0,8.0,1,B2C,Particulier,Ben Arous,86.0,False,Site Web,ART DE LA TABLE,Site_Web,WALLET PAYMENT,2025,4,Trimestre 2,Semestre 1,0,0.0,1.0
54.62,1,54.62,0.0,0.0,1,B2B,Entreprise,Tunis,64.9978,False,Terrain,JEUX,Terrain,VIREMENT,2025,4,Trimestre 2,Semestre 1,0,0.0,0.8403361344537815
48.73,1,48.73,0.0,0.0,1,B2B,Entreprise,Tunis,57.988699999999994,False,Terrain,JEUX,Terrain,VIREMENT,2025,4,Trimestre 2,Semestre 1,0,0.0,0.8403361344537815
80.66,2,40.33,0.0,0.0,1,B2B,Entreprise,Tunis,47.9927,False,Terrain,LA TOUCHE DÉCO,Terrain,VIREMENT,2025,4,Trimestre 2,Semestre 1,0,0.0,0.8403361344537815
40.33,1,40.33,0.0,0.0,1,B2B,Entreprise,Tunis,47.9927,False,Terrain,LA TOUCHE DÉCO,Terrain,VIREMENT,2025,4,Trimestre 2,Semestre 1,0,0.0,0.8403361344537815
120.0,1,75.0,30.0,0.0,1,B2C,Particulier,Ben Arous,100.0,False,Site Web,"VERRES, SERVICE DE TABLE",Site_Web,PAY IN PERSON,2025,4,Trimestre 2,Semestre 1,0,0.3,0.75
120.0,1,15.0,0.0,0.0,1,B2C,Particulier,Ben Arous,15.0,False,Site Web,CARAFES ET BOUTEILLES,Site_Web,PAY IN PERSON,2025,4,Trimestre 2,Semestre 1,0,0.0,1.0
150.0,1,150.0,0.0,0.0,1,B2B,Entreprise,Ben Arous,178.5,False,Terrain,LA TOUCHE DÉCO,Terrain,VIREMENT,2025,4,Trimestre 2,Semestre 1,0,0.0,0.8403361344537815
65.0,1,65.0,0.0,8.0,1,B2C,Particulier,Tunis,65.0,False,Site Web,JEUX,Site_Web,WALLET PAYMENT,2025,4,Trimestre 2,Semestre 1,0,0.0,1.0
154.0,1,25.0,0.0,0.0,1,B2C,Particulier,Tunis,25.0,False,Site Web,"CÉRAMIQUES, SERVICE DE TABLE",Site_Web,PAY IN PERSON,2025,4,Trimestre 2,Semestre 1,0,0.0,1.0
154.0,1,129.0,0.0,0.0,1,B2C,Particulier,Tunis,129.0,False,Site Web,ART DE LA TABLE,Site_Web,PAY IN PERSON,2025,4,Trimestre 2,Semestre 1,0,0.0,1.0
91.0,1,48.0,0.0,8.0,1,B2C,Particulier,Tunis,48.0,False,Site Web,JEUX,Site_Web,PAY IN PERSON,2025,4,Trimestre 2,Semestre 1,0,0.0,1.0
91.0,1,25.0,0.0,8.0,1,B2C,Particulier,Tunis,25.0,False,Site Web,"CÉRAMIQUES, SERVICE DE TABLE",Site_Web,PAY IN PERSON,2025,4,Trimestre 2,Semestre 1,0,0.0,1.0
91.0,1,18.0,0.0,8.0,1,B2C,Particulier,Tunis,18.0,False,Site Web,CARAFES ET BOUTEILLES,Site_Web,PAY IN PERSON,2025,4,Trimestre 2,Semestre 1,0,0.0,1.0
86.0,1,86.0,0.0,8.0,1,B2C,Particulier,Ariana,86.0,False,Site Web,ÉLEMENT DE DÉCO,Site_Web,WALLET PAYMENT,2025,4,Trimestre 2,Semestre 1,0,0.0,1.0
95.0,1,30.0,0.0,8.0,1,B2C,Particulier,Tunis,30.0,False,Site Web,JEUX,Site_Web,PAY IN PERSON,2025,4,Trimestre 2,Semestre 1,0,0.0,1.0
95.0,1,65.0,0.0,8.0,1,B2C,Particulier,Tunis,65.0,False,Site Web,JEUX,Site_Web,PAY IN PERSON,2025,4,Trimestre 2,Semestre 1,0,0.0,1.0
95.0,2,25.0,0.0,8.0,1,B2C,Particulier,Tunis,25.0,False,Site Web,"CÉRAMIQUES, SERVICE DE TABLE",Site_Web,PAY IN PERSON,2025,4,Trimestre 2,Semestre 1,0,0.0,1.0
95.0,1,45.0,0.0,8.0,1,B2C,Particulier,Tunis,45.0,False,Site Web,ARTISANAT,Site_Web,PAY IN PERSON,2025,4,Trimestre 2,Semestre 1,0,0.0,1.0
100.0,4,25.0,0.0,8.0,1,B2C,Particulier,Ben Arous,25.0,False,Site Web,"CÉRAMIQUES, SERVICE DE TABLE",Site_Web,PAY IN PERSON,2025,4,Trimestre 2,Semestre 1,0,0.0,1.0
160.0,1,45.0,0.0,0.0,1,B2C,Particulier,Ariana,45.0,False,Site Web,"CÉRAMIQUES, VASES",Site_Web,PAY IN PERSON,2025,4,Trimestre 2,Semestre 1,0,0.0,1.0
160.0,1,115.0,0.0,0.0,1,B2C,Particulier,Ariana,115.0,False,Site Web,ARTICLES EN CUIVRE,Site_Web,PAY IN PERSON,2025,4,Trimestre 2,Semestre 1,0,0.0,1.0
85.0,1,25.0,0.0,8.0,1,B2C,Particulier,Tunis,25.0,False,Site Web,"CÉRAMIQUES, SERVICE DE TABLE",Site_Web,WALLET PAYMENT,2025,4,Trimestre 2,Semestre 1,0,0.0,1.0
85.0,1,45.0,0.0,8.0,1,B2C,Particulier,Tunis,45.0,False,Site Web,ARTISANAT,Site_Web,WALLET PAYMENT,2025,4,Trimestre 2,Semestre 1,0,0.0,1.0
85.0,1,15.0,0.0,8.0,1,B2C,Particulier,Tunis,15.0,False,Site Web,ART DE TABLE,Site_Web,WALLET PAYMENT,2025,4,Trimestre 2,Semestre 1,0,0.0,1.0
92.0,1,92.0,0.0,8.0,1,B2C,Particulier,Tunis,92.0,False,Site Web,VASES,Site_Web,AUTRE,2025,4,Trimestre 2,Semestre 1,0,0.0,1.0
60.0,1,25.0,0.0,8.0,1,B2C,Particulier,Tunis,30.0,False,Site Web,"CÉRAMIQUES, SERVICE DE TABLE",Site_Web,WALLET PAYMENT,2025,4,Trimestre 2,Semestre 1,0,0.0,0.8333333333333334
60.0,1,35.0,0.0,8.0,1,B2C,Particulier,Tunis,35.0,False,Site Web,"CÉRAMIQUES, VASES",Site_Web,WALLET PAYMENT,2025,4,Trimestre 2,Semestre 1,0,0.0,1.0
100.0,1,50.0,0.0,8.0,1,B2C,Particulier,Tunis,50.0,False,Site Web,"CÉRAMIQUES, VASES",Site_Web,PAY IN PERSON,2025,4,Trimestre 2,Semestre 1,0,0.0,1.0
100.0,2,25.0,0.0,8.0,1,B2C,Particulier,Tunis,25.0,False,Site Web,"CÉRAMIQUES, SERVICE DE TABLE",Site_Web,PAY IN PERSON,2025,4,Trimestre 2,Semestre 1,0,0.0,1.0
150.0,1,115.0,0.0,0.0,1,B2C,Particulier,Ben Arous,130.0,False,Site Web,SCULPTURES,Site_Web,PAY IN PERSON,2025,4,Trimestre 2,Semestre 1,0,0.0,0.8846153846153846
150.0,1,35.0,0.0,0.0,1,B2C,Particulier,Ben Arous,35.0,False,Site Web,"CÉRAMIQUES, VASES",Site_Web,PAY IN PERSON,2025,4,Trimestre 2,Semestre 1,0,0.0,1.0
96.0,3,32.0,0.0,0.0,1,B2B,Entreprise,Sousse,38.08,False,Terrain,COFFRETS CADEAUX,Terrain,VIREMENT,2025,4,Trimestre 2,Semestre 1,0,0.0,0.8403361344537815
128.0,4,32.0,0.0,0.0,1,B2B,Entreprise,Ben Arous,38.08,False,Terrain,COFFRETS CADEAUX,Terrain,VIREMENT,2025,4,Trimestre 2,Semestre 1,0,0.0,0.8403361344537815
99.9,2,25.0,0.0,8.0,1,B2C,Particulier,Tunis,25.0,False,Site Web,"CÉRAMIQUES, SERVICE DE TABLE",Site_Web,PAY IN PERSON,2025,5,Trimestre 2,Semestre 1,0,0.0,1.0
99.9,1,49.9,0.0,8.0,1,B2C,Particulier,Tunis,49.9,False,Site Web,COFFRETS CADEAUX,Site_Web,PAY IN PERSON,2025,5,Trimestre 2,Semestre 1,0,0.0,1.0
109.0,1,34.0,0.0,8.0,1,B2C,Particulier,Tunis,34.0,False,Site Web,ART DE LA TABLE,Site_Web,PAY IN PERSON,2025,5,Trimestre 2,Semestre 1,0,0.0,1.0
109.0,1,50.0,0.0,8.0,1,B2C,Particulier,Tunis,50.0,False,Site Web,"CÉRAMIQUES, VASES",Site_Web,PAY IN PERSON,2025,5,Trimestre 2,Semestre 1,0,0.0,1.0
109.0,1,25.0,0.0,8.0,1,B2C,Particulier,Tunis,25.0,False,Site Web,"CÉRAMIQUES, SERVICE DE TABLE",Site_Web,PAY IN PERSON,2025,5,Trimestre 2,Semestre 1,0,0.0,1.0
115.0,1,45.0,0.0,8.0,1,B2C,Particulier,Gafsa,45.0,False,Site Web,JEUX,Site_Web,PAY IN PERSON,2025,5,Trimestre 2,Semestre 1,0,0.0,1.0
115.0,1,25.0,0.0,8.0,1,B2C,Particulier,Gafsa,25.0,False,Site Web,"CÉRAMIQUES, SERVICE DE TABLE",Site_Web,PAY IN PERSON,2025,5,Trimestre 2,Semestre 1,0,0.0,1.0
115.0,1,45.0,0.0,8.0,1,B2C,Particulier,Gafsa,45.0,False,Site Web,ARTISANAT,Site_Web,PAY IN PERSON,2025,5,Trimestre 2,Semestre 1,0,0.0,1.0
110.0,1,50.0,0.0,8.0,1,B2C,Particulier,Tunis,50.0,False,Site Web,"CÉRAMIQUES, VASES",Site_Web,PAY IN PERSON,2025,5,Trimestre 2,Semestre 1,0,0.0,1.0
110.0,1,35.0,0.0,8.0,1,B2C,Particulier,Tunis,35.0,False,Site Web,"CÉRAMIQUES, VASES",Site_Web,PAY IN PERSON,2025,5,Trimestre 2,Semestre 1,0,0.0,1.0
110.0,1,25.0,0.0,8.0,1,B2C,Particulier,Tunis,25.0,False,Site Web,SCULPTURES,Site_Web,PAY IN PERSON,2025,5,Trimestre 2,Semestre 1,0,0.0,1.0
115.0,1,90.0,0.0,8.0,1,B2C,Particulier,Tunis,90.0,False,Site Web,"CÉRAMIQUES, VASES",Site_Web,PAY IN PERSON,2025,5,Trimestre 2,Semestre 1,0,0.0,1.0
115.0,1,25.0,0.0,8.0,1,B2C,Particulier,Tunis,25.0,False,Site Web,"CÉRAMIQUES, SERVICE DE TABLE",Site_Web,PAY IN PERSON,2025,5,Trimestre 2,Semestre 1,0,0.0,1.0
92.0,1,92.0,0.0,8.0,1,B2C,Particulier,Ben Arous,92.0,False,Site Web,CARAFES ET BOUTEILLES,Site_Web,PAY IN PERSON,2025,5,Trimestre 2,Semestre 1,0,0.0,1.0
95.0,1,45.0,0.0,8.0,1,B2C,Particulier,Tunis,45.0,False,Site Web,ARTISANAT,Site_Web,PAY IN PERSON,2025,5,Trimestre 2,Semestre 1,0,0.0,1.0
95.0,1,50.0,0.0,8.0,1,B2C,Particulier,Tunis,50.0,False,Site Web,"VERRES, CUIVRES",Site_Web,PAY IN PERSON,2025,5,Trimestre 2,Semestre 1,0,0.0,1.0
100.0,2,50.0,0.0,8.0,1,B2C,Particulier,Kebili,50.0,False,Site Web,"VERRES, CUIVRES",Site_Web,PAY IN PERSON,2025,5,Trimestre 2,Semestre 1,0,0.0,1.0
50.0,1,50.0,0.0,8.0,1,B2C,Particulier,Ben Arous,50.0,False,Site Web,"VERRES, CUIVRES",Site_Web,PAY IN PERSON,2025,5,Trimestre 2,Semestre 1,0,0.0,1.0
45.0,1,45.0,0.0,8.0,1,B2C,Particulier,Ben Arous,45.0,False,Site Web,JEUX,Site_Web,PAY IN PERSON,2025,5,Trimestre 2,Semestre 1,0,0.0,1.0
74.9,1,49.9,0.0,8.0,1,B2C,Particulier,Tunis,49.9,False,Site Web,VERRES,Site_Web,PAY IN PERSON,2025,5,Trimestre 2,Semestre 1,0,0.0,1.0
74.9,1,25.0,0.0,8.0,1,B2C,Particulier,Tunis,25.0,False,Site Web,"CÉRAMIQUES, SERVICE DE TABLE",Site_Web,PAY IN PERSON,2025,5,Trimestre 2,Semestre 1,0,0.0,1.0
25.0,1,25.0,0.0,8.0,1,B2C,Particulier,Jendouba,25.0,False,Site Web,"CÉRAMIQUES, SERVICE DE TABLE",Site_Web,WALLET PAYMENT,2025,5,Trimestre 2,Semestre 1,0,0.0,1.0
90.0,1,90.0,0.0,8.0,1,B2C,Particulier,Jendouba,90.0,False,Site Web,SERVICE DE TABLE,Site_Web,WALLET PAYMENT,2025,5,Trimestre 2,Semestre 1,0,0.0,1.0
100.0,1,0.0,100.0,8.0,1,B2C,Particulier,Tunis,100.0,False,Site Web,"VERRES, SERVICE DE TABLE",Site_Web,PAY IN PERSON,2025,5,Trimestre 2,Semestre 1,0,1.0,0.0
129.0,1,29.0,100.0,8.0,1,B2C,Particulier,Manubah,100.0,False,Site Web,ART DE TABLE,Site_Web,PAY IN PERSON,2025,5,Trimestre 2,Semestre 1,0,1.0,0.29
155.0,2,45.0,0.0,0.0,1,B2C,Particulier,Tunis,45.0,False,Site Web,"CÉRAMIQUES, VASES",Site_Web,PAY IN PERSON,2025,5,Trimestre 2,Semestre 1,0,0.0,1.0
155.0,1,20.0,0.0,0.0,1,B2C,Particulier,Tunis,20.0,False,Site Web,CARAFES ET BOUTEILLES,Site_Web,PAY IN PERSON,2025,5,Trimestre 2,Semestre 1,0,0.0,1.0
155.0,1,15.0,0.0,0.0,1,B2C,Particulier,Tunis,15.0,False,Site Web,VASES,Site_Web,PAY IN PERSON,2025,5,Trimestre 2,Semestre 1,0,0.0,1.0
155.0,2,15.0,0.0,0.0,1,B2C,Particulier,Tunis,15.0,False,Site Web,ART DE TABLE,Site_Web,PAY IN PERSON,2025,5,Trimestre 2,Semestre 1,0,0.0,1.0
50.0,1,50.0,0.0,8.0,1,B2C,Particulier,Nabeul,50.0,False,Site Web,"VERRES, CUIVRES",Site_Web,PAY IN PERSON,2025,5,Trimestre 2,Semestre 1,0,0.0,1.0
50.0,1,50.0,0.0,8.0,1,B2C,Particulier,Tunis,50.0,False,Site Web,"VERRES, CUIVRES",Site_Web,PAY IN PERSON,2025,5,Trimestre 2,Semestre 1,0,0.0,1.0
95.0,1,45.0,0.0,8.0,1,B2C,Particulier,Ben Arous,45.0,False,Site Web,ARTISANAT,Site_Web,PAY IN PERSON,2025,5,Trimestre 2,Semestre 1,0,0.0,1.0
95.0,1,25.0,0.0,8.0,1,B2C,Particulier,Ben Arous,25.0,False,Site Web,"CÉRAMIQUES, SERVICE DE TABLE",Site_Web,PAY IN PERSON,2025,5,Trimestre 2,Semestre 1,0,0.0,1.0
95.0,1,25.0,0.0,8.0,1,B2C,Particulier,Ben Arous,30.0,False,Site Web,"CÉRAMIQUES, SERVICE DE TABLE",Site_Web,PAY IN PERSON,2025,5,Trimestre 2,Semestre 1,0,0.0,0.8333333333333334
90.0,1,25.0,0.0,8.0,1,B2C,Particulier,Tunis,25.0,False,Site Web,"CÉRAMIQUES, SERVICE DE TABLE",Site_Web,PAY IN PERSON,2025,5,Trimestre 2,Semestre 1,0,0.0,1.0
90.0,1,15.0,0.0,8.0,1,B2C,Particulier,Tunis,15.0,False,Site Web,ART DE TABLE,Site_Web,PAY IN PERSON,2025,5,Trimestre 2,Semestre 1,0,0.0,1.0
90.0,1,15.0,0.0,8.0,1,B2C,Particulier,Tunis,15.0,False,Site Web,VASES,Site_Web,PAY IN PERSON,2025,5,Trimestre 2,Semestre 1,0,0.0,1.0
90.0,1,20.0,0.0,8.0,1,B2C,Particulier,Tunis,20.0,False,Site Web,CARAFES ET BOUTEILLES,Site_Web,PAY IN PERSON,2025,5,Trimestre 2,Semestre 1,0,0.0,1.0
90.0,1,15.0,0.0,8.0,1,B2C,Particulier,Tunis,20.0,False,Site Web,CARAFES ET BOUTEILLES,Site_Web,PAY IN PERSON,2025,5,Trimestre 2,Semestre 1,0,0.0,0.75
90.0,1,90.0,0.0,8.0,1,B2C,Particulier,Tunis,90.0,False,Site Web,"CÉRAMIQUES, BOUGEOIRS",Site_Web,WALLET PAYMENT,2025,5,Trimestre 2,Semestre 1,0,0.0,1.0
120.0,1,120.0,0.0,8.0,1,B2C,Particulier,Tunis,120.0,False,Site Web,SERVICE DE TABLE,Site_Web,PAY IN PERSON,2025,5,Trimestre 2,Semestre 1,0,0.0,1.0
399.0,1,399.0,0.0,0.0,1,B2C,Particulier,Tunis,399.0,False,Site Web,SERVICE DE TABLE,Site_Web,AUTRE,2025,5,Trimestre 2,Semestre 1,0,0.0,1.0
225.0,1,50.0,0.0,0.0,1,B2C,Particulier,Sfax,50.0,False,Site Web,"VERRES, CUIVRES",Site_Web,PAY IN PERSON,2025,5,Trimestre 2,Semestre 1,0,0.0,1.0
225.0,1,50.0,0.0,0.0,1,B2C,Particulier,Sfax,50.0,False,Site Web,"VERRES, CUIVRES",Site_Web,PAY IN PERSON,2025,5,Trimestre 2,Semestre 1,0,0.0,1.0
225.0,1,50.0,0.0,0.0,1,B2C,Particulier,Sfax,50.0,False,Site Web,"VERRES, CUIVRES",Site_Web,PAY IN PERSON,2025,5,Trimestre 2,Semestre 1,0,0.0,1.0
225.0,3,25.0,0.0,0.0,1,B2C,Particulier,Sfax,25.0,False,Site Web,"CÉRAMIQUES, SERVICE DE TABLE",Site_Web,PAY IN PERSON,2025,5,Trimestre 2,Semestre 1,0,0.0,1.0
50.0,2,25.0,0.0,8.0,1,B2C,Particulier,Manubah,25.0,False,Site Web,"CÉRAMIQUES, SERVICE DE TABLE",Site_Web,WALLET PAYMENT,2025,5,Trimestre 2,Semestre 1,0,0.0,1.0
145.0,1,145.0,0.0,0.0,1,B2C,Particulier,Tunis,145.0,False,Site Web,"VERRES, SERVICE DE TABLE",Site_Web,AUTRE,2025,5,Trimestre 2,Semestre 1,0,0.0,1.0
95.0,1,45.0,0.0,8.0,1,B2C,Particulier,Tunis,45.0,False,Site Web,"CÉRAMIQUES, VASES",Site_Web,PAY IN PERSON,2025,5,Trimestre 2,Semestre 1,0,0.0,1.0
95.0,1,25.0,0.0,8.0,1,B2C,Particulier,Tunis,25.0,False,Site Web,SCULPTURES,Site_Web,PAY IN PERSON,2025,5,Trimestre 2,Semestre 1,0,0.0,1.0
95.0,1,25.0,0.0,8.0,1,B2C,Particulier,Tunis,25.0,False,Site Web,"CÉRAMIQUES, SERVICE DE TABLE",Site_Web,PAY IN PERSON,2025,5,Trimestre 2,Semestre 1,0,0.0,1.0
25.0,1,25.0,0.0,8.0,1,B2C,Particulier,Manouba,25.0,False,Site Web,"CÉRAMIQUES, SERVICE DE TABLE",Site_Web,PAY IN PERSON,2025,5,Trimestre 2,Semestre 1,0,0.0,1.0
25.0,1,25.0,0.0,8.0,1,B2C,Particulier,Monastir,25.0,False,Site Web,"CÉRAMIQUES, SERVICE DE TABLE",Site_Web,AUTRE,2025,5,Trimestre 2,Semestre 1,0,0.0,1.0
90.0,1,90.0,0.0,8.0,1,B2C,Particulier,Manouba,90.0,False,Site Web,SERVICE DE TABLE,Site_Web,WALLET PAYMENT,2025,5,Trimestre 2,Semestre 1,0,0.0,1.0
115.0,1,90.0,0.0,8.0,1,B2C,Particulier,Tunis,90.0,False,Site Web,"CÉRAMIQUES, VASES",Site_Web,PAY IN PERSON,2025,5,Trimestre 2,Semestre 1,0,0.0,1.0
115.0,1,25.0,0.0,8.0,1,B2C,Particulier,Tunis,25.0,False,Site Web,"CÉRAMIQUES, SERVICE DE TABLE",Site_Web,PAY IN PERSON,2025,5,Trimestre 2,Semestre 1,0,0.0,1.0
100.0,1,65.0,0.0,8.0,1,B2C,Particulier,Tunis,65.0,False,Site Web,JEUX,Site_Web,PAY IN PERSON,2025,5,Trimestre 2,Semestre 1,0,0.0,1.0
100.0,1,35.0,0.0,8.0,1,B2C,Particulier,Tunis,35.0,False,Site Web,ART DE TABLE,Site_Web,PAY IN PERSON,2025,5,Trimestre 2,Semestre 1,0,0.0,1.0
60.0,1,25.0,0.0,8.0,1,B2C,Particulier,Sfax,25.0,False,Site Web,"CÉRAMIQUES, SERVICE DE TABLE",Site_Web,WALLET PAYMENT,2025,5,Trimestre 2,Semestre 1,0,0.0,1.0
60.0,1,35.0,0.0,8.0,1,B2C,Particulier,Sfax,35.0,False,Site Web,CÉRAMIQUES,Site_Web,WALLET PAYMENT,2025,5,Trimestre 2,Semestre 1,0,0.0,1.0
49.9,1,49.9,0.0,8.0,1,B2C,Particulier,Jendouba,49.9,False,Site Web,COFFRETS CADEAUX,Site_Web,WALLET PAYMENT,2025,5,Trimestre 2,Semestre 1,0,0.0,1.0
96.0,3,32.0,0.0,0.0,1,B2B,Entreprise,Ben Arous,38.08,False,Terrain,COFFRETS CADEAUX,Terrain,VIREMENT,2025,5,Trimestre 2,Semestre 1,0,0.0,0.8403361344537815
140.0,1,140.0,0.0,0.0,1,B2B,Entreprise,Sousse,166.6,False,Terrain,LUMINAIRES,Terrain,VIREMENT,2025,5,Trimestre 2,Semestre 1,0,0.0,0.8403361344537815
96.0,3,32.0,0.0,0.0,1,B2B,Entreprise,Sousse,38.08,False,Terrain,COFFRETS CADEAUX,Terrain,VIREMENT,2025,5,Trimestre 2,Semestre 1,0,0.0,0.8403361344537815
40.0,1,40.0,0.0,0.0,1,B2B,Entreprise,Sousse,47.599999999999994,False,Terrain,COFFRETS CADEAUX,Terrain,VIREMENT,2025,5,Trimestre 2,Semestre 1,0,0.0,0.8403361344537816
49.9,1,49.9,0.0,8.0,1,B2C,Particulier,Sfax,49.9,False,Site Web,COFFRETS CADEAUX,Site_Web,PAY IN PERSON,2025,5,Trimestre 2,Semestre 1,0,0.0,1.0
92.0,1,92.0,0.0,8.0,1,B2C,Particulier,Tunis,92.0,False,Site Web,BOIS D'OLIVIER,Site_Web,AUTRE,2025,5,Trimestre 2,Semestre 1,0,0.0,1.0
30.0,1,30.0,0.0,8.0,1,B2C,Particulier,Tunis,30.0,False,Site Web,JEUX,Site_Web,PAY IN PERSON,2025,6,Trimestre 2,Semestre 1,1,0.0,1.0
92.0,1,92.0,0.0,8.0,1,B2C,Particulier,Tunis,92.0,False,Site Web,CARAFES ET BOUTEILLES,Site_Web,AUTRE,2025,6,Trimestre 2,Semestre 1,1,0.0,1.0
129.0,1,129.0,0.0,8.0,1,B2C,Particulier,Tunis,100.0,False,Site Web,ART DE TABLE,Site_Web,PAY IN PERSON,2025,6,Trimestre 2,Semestre 1,1,0.0,1.29
90.0,1,90.0,0.0,8.0,1,B2C,Particulier,Tunis,90.0,False,Site Web,"CÉRAMIQUES, VASES",Site_Web,PAY IN PERSON,2025,6,Trimestre 2,Semestre 1,1,0.0,1.0
100.0,4,25.0,0.0,8.0,1,B2C,Particulier,Tunis,25.0,False,Site Web,"CÉRAMIQUES, SERVICE DE TABLE",Site_Web,PAY IN PERSON,2025,6,Trimestre 2,Semestre 1,1,0.0,1.0
100.0,1,50.0,0.0,8.0,1,B2C,Particulier,Beja,50.0,False,Site Web,"VERRES, CUIVRES",Site_Web,PAY IN PERSON,2025,6,Trimestre 2,Semestre 1,1,0.0,1.0
100.0,1,50.0,0.0,8.0,1,B2C,Particulier,Beja,50.0,False,Site Web,"VERRES, CUIVRES",Site_Web,PAY IN PERSON,2025,6,Trimestre 2,Semestre 1,1,0.0,1.0
86.0,1,86.0,0.0,8.0,1,B2C,Particulier,Tunis,86.0,False,Site Web,ÉLEMENT DE DÉCO,Site_Web,WALLET PAYMENT,2025,6,Trimestre 2,Semestre 1,1,0.0,1.0
90.0,1,90.0,0.0,8.0,1,B2C,Particulier,Tunis,90.0,False,Site Web,"CÉRAMIQUES, BOUGEOIRS",Site_Web,PAY IN PERSON,2025,6,Trimestre 2,Semestre 1,1,0.0,1.0
30.0,1,30.0,0.0,8.0,1,B2C,Particulier,Tunis,30.0,False,Site Web,JEUX,Site_Web,PAY IN PERSON,2025,6,Trimestre 2,Semestre 1,1,0.0,1.0
90.0,1,90.0,0.0,8.0,1,B2C,Particulier,Tunis,90.0,False,Site Web,"CÉRAMIQUES, BOUGEOIRS",Site_Web,PAY IN PERSON,2025,6,Trimestre 2,Semestre 1,1,0.0,1.0
60.0,1,35.0,0.0,8.0,1,B2C,Particulier,Tunis,35.0,False,Site Web,"CÉRAMIQUES, VASES",Site_Web,WALLET PAYMENT,2025,6,Trimestre 2,Semestre 1,1,0.0,1.0
60.0,1,25.0,0.0,8.0,1,B2C,Particulier,Tunis,25.0,False,Site Web,"CÉRAMIQUES, SERVICE DE TABLE",Site_Web,WALLET PAYMENT,2025,6,Trimestre 2,Semestre 1,1,0.0,1.0
86.0,1,86.0,0.0,8.0,1,B2C,Particulier,Nabeul,70.0,False,Site Web,ART DE TABLE,Site_Web,PAY IN PERSON,2025,6,Trimestre 2,Semestre 1,1,0.0,1.2285714285714286
95.0,1,25.0,0.0,8.0,1,B2C,Particulier,Ariana,25.0,False,Site Web,"CÉRAMIQUES, SERVICE DE TABLE",Site_Web,PAY IN PERSON,2025,6,Trimestre 2,Semestre 1,1,0.0,1.0
95.0,1,30.0,0.0,8.0,1,B2C,Particulier,Ariana,30.0,False,Site Web,JEUX,Site_Web,PAY IN PERSON,2025,6,Trimestre 2,Semestre 1,1,0.0,1.0
95.0,1,15.0,0.0,8.0,1,B2C,Particulier,Ariana,15.0,False,Site Web,ART DE TABLE,Site_Web,PAY IN PERSON,2025,6,Trimestre 2,Semestre 1,1,0.0,1.0
95.0,1,25.0,0.0,8.0,1,B2C,Particulier,Ariana,25.0,False,Site Web,VASES ET POTS,Site_Web,PAY IN PERSON,2025,6,Trimestre 2,Semestre 1,1,0.0,1.0
102.0,3,34.0,0.0,8.0,1,B2C,Particulier,Tunis,34.0,False,Site Web,ART DE LA TABLE,Site_Web,PAY IN PERSON,2025,6,Trimestre 2,Semestre 1,1,0.0,1.0
100.0,1,25.0,0.0,8.0,1,B2C,Particulier,Tunis,25.0,False,Site Web,"CÉRAMIQUES, SERVICE DE TABLE",Site_Web,PAY IN PERSON,2025,6,Trimestre 2,Semestre 1,1,0.0,1.0
100.0,1,25.0,0.0,8.0,1,B2C,Particulier,Tunis,30.0,False,Site Web,"CÉRAMIQUES, SERVICE DE TABLE",Site_Web,PAY IN PERSON,2025,6,Trimestre 2,Semestre 1,1,0.0,0.8333333333333334
100.0,1,35.0,0.0,8.0,1,B2C,Particulier,Tunis,35.0,False,Site Web,"CÉRAMIQUES, VASES",Site_Web,PAY IN PERSON,2025,6,Trimestre 2,Semestre 1,1,0.0,1.0
100.0,1,15.0,0.0,8.0,1,B2C,Particulier,Tunis,15.0,False,Site Web,"CÉRAMIQUES, SERVICE DE TABLE",Site_Web,PAY IN PERSON,2025,6,Trimestre 2,Semestre 1,1,0.0,1.0
104.0,1,34.0,0.0,8.0,1,B2C,Particulier,Jendouba,34.0,False,Site Web,ART DE LA TABLE,Site_Web,PAY IN PERSON,2025,6,Trimestre 2,Semestre 1,1,0.0,1.0
104.0,1,25.0,0.0,8.0,1,B2C,Particulier,Jendouba,25.0,False,Site Web,VASES ET POTS,Site_Web,PAY IN PERSON,2025,6,Trimestre 2,Semestre 1,1,0.0,1.0
104.0,1,45.0,0.0,8.0,1,B2C,Particulier,Jendouba,45.0,False,Site Web,"CÉRAMIQUES, VASES",Site_Web,PAY IN PERSON,2025,6,Trimestre 2,Semestre 1,1,0.0,1.0
50.0,1,50.0,0.0,8.0,1,B2C,Particulier,Sousse,50.0,False,Site Web,"VERRES, CUIVRES",Site_Web,AUTRE,2025,6,Trimestre 2,Semestre 1,1,0.0,1.0
100.0,4,25.0,0.0,8.0,1,B2C,Particulier,Tunis,25.0,False,Site Web,SCULPTURES,Site_Web,PAY IN PERSON,2025,6,Trimestre 2,Semestre 1,1,0.0,1.0
105.0,1,90.0,0.0,8.0,1,B2C,Particulier,Tunis,90.0,False,Site Web,ARTISANAT,Site_Web,PAY IN PERSON,2025,6,Trimestre 2,Semestre 1,1,0.0,1.0
105.0,1,15.0,0.0,8.0,1,B2C,Particulier,Tunis,15.0,False,Site Web,"CÉRAMIQUES, SERVICE DE TABLE",Site_Web,PAY IN PERSON,2025,6,Trimestre 2,Semestre 1,1,0.0,1.0
100.0,1,35.0,0.0,8.0,1,B2C,Particulier,Ben Arous,35.0,False,Site Web,"CÉRAMIQUES, VASES",Site_Web,PAY IN PERSON,2025,6,Trimestre 2,Semestre 1,1,0.0,1.0
100.0,2,25.0,0.0,8.0,1,B2C,Particulier,Ben Arous,25.0,False,Site Web,"CÉRAMIQUES, SERVICE DE TABLE",Site_Web,PAY IN PERSON,2025,6,Trimestre 2,Semestre 1,1,0.0,1.0
100.0,1,15.0,0.0,8.0,1,B2C,Particulier,Ben Arous,15.0,False,Site Web,ART DE TABLE,Site_Web,PAY IN PERSON,2025,6,Trimestre 2,Semestre 1,1,0.0,1.0
100.0,3,25.0,0.0,8.0,1,B2C,Particulier,Sousse,25.0,False,Site Web,"CÉRAMIQUES, SERVICE DE TABLE",Site_Web,PAY IN PERSON,2025,6,Trimestre 2,Semestre 1,1,0.0,1.0
100.0,1,25.0,0.0,8.0,1,B2C,Particulier,Sousse,25.0,False,Site Web,SCULPTURES,Site_Web,PAY IN PERSON,2025,6,Trimestre 2,Semestre 1,1,0.0,1.0
110.0,1,35.0,0.0,8.0,1,B2C,Particulier,Ariana,35.0,False,Site Web,"CÉRAMIQUES, VASES",Site_Web,PAY IN PERSON,2025,6,Trimestre 2,Semestre 1,1,0.0,1.0
110.0,2,25.0,0.0,8.0,1,B2C,Particulier,Ariana,25.0,False,Site Web,"CÉRAMIQUES, SERVICE DE TABLE",Site_Web,PAY IN PERSON,2025,6,Trimestre 2,Semestre 1,1,0.0,1.0
110.0,1,25.0,0.0,8.0,1,B2C,Particulier,Ariana,30.0,False,Site Web,"CÉRAMIQUES, SERVICE DE TABLE",Site_Web,PAY IN PERSON,2025,6,Trimestre 2,Semestre 1,1,0.0,0.8333333333333334
99.9,1,15.0,0.0,8.0,1,B2C,Particulier,Tunis,20.0,False,Site Web,CARAFES ET BOUTEILLES,Site_Web,PAY IN PERSON,2025,6,Trimestre 2,Semestre 1,1,0.0,0.75
99.9,1,15.0,0.0,8.0,1,B2C,Particulier,Tunis,15.0,False,Site Web,ART DE TABLE,Site_Web,PAY IN PERSON,2025,6,Trimestre 2,Semestre 1,1,0.0,1.0
99.9,1,20.0,0.0,8.0,1,B2C,Particulier,Tunis,20.0,False,Site Web,CARAFES ET BOUTEILLES,Site_Web,PAY IN PERSON,2025,6,Trimestre 2,Semestre 1,1,0.0,1.0
99.9,1,49.9,0.0,8.0,1,B2C,Particulier,Tunis,49.9,False,Site Web,VERRES,Site_Web,PAY IN PERSON,2025,6,Trimestre 2,Semestre 1,1,0.0,1.0
100.0,2,25.0,0.0,8.0,1,B2C,Particulier,Tunis,25.0,False,Site Web,"CÉRAMIQUES, SERVICE DE TABLE",Site_Web,PAY IN PERSON,2025,6,Trimestre 2,Semestre 1,1,0.0,1.0
100.0,2,25.0,0.0,8.0,1,B2C,Particulier,Tunis,30.0,False,Site Web,"CÉRAMIQUES, SERVICE DE TABLE",Site_Web,PAY IN PERSON,2025,6,Trimestre 2,Semestre 1,1,0.0,0.8333333333333334
50.0,1,50.0,0.0,8.0,1,B2C,Particulier,Tunis,50.0,False,Site Web,"VERRES, CUIVRES",Site_Web,PAY IN PERSON,2025,6,Trimestre 2,Semestre 1,1,0.0,1.0
95.0,2,25.0,0.0,8.0,1,B2C,Particulier,Ben Arous,25.0,False,Site Web,"CÉRAMIQUES, SERVICE DE TABLE",Site_Web,PAY IN PERSON,2025,6,Trimestre 2,Semestre 1,1,0.0,1.0
95.0,1,45.0,0.0,8.0,1,B2C,Particulier,Ben Arous,45.0,False,Site Web,"CÉRAMIQUES, VASES",Site_Web,PAY IN PERSON,2025,6,Trimestre 2,Semestre 1,1,0.0,1.0
95.0,1,45.0,0.0,8.0,1,B2C,Particulier,Ben Arous,45.0,False,Site Web,"CÉRAMIQUES, VASES",Site_Web,PAY IN PERSON,2025,7,Trimestre 3,Semestre 2,1,0.0,1.0
95.0,1,50.0,0.0,8.0,1,B2C,Particulier,Ben Arous,50.0,False,Site Web,"CÉRAMIQUES, VASES",Site_Web,PAY IN PERSON,2025,7,Trimestre 3,Semestre 2,1,0.0,1.0
120.0,1,120.0,0.0,8.0,1,B2C,Particulier,Sousse,120.0,False,Site Web,"VERRES, SERVICE DE TABLE",Site_Web,PAY IN PERSON,2025,7,Trimestre 3,Semestre 2,1,0.0,1.0
95.0,1,50.0,0.0,8.0,1,B2C,Particulier,Tunis,50.0,False,Site Web,"CÉRAMIQUES, VASES",Site_Web,PAY IN PERSON,2025,7,Trimestre 3,Semestre 2,1,0.0,1.0
95.0,1,45.0,0.0,8.0,1,B2C,Particulier,Tunis,45.0,False,Site Web,ARTISANAT,Site_Web,PAY IN PERSON,2025,7,Trimestre 3,Semestre 2,1,0.0,1.0
96.0,3,32.0,0.0,0.0,1,B2B,Entreprise,Ben Arous,38.08,False,Terrain,COFFRETS CADEAUX,Terrain,VIREMENT,2025,7,Trimestre 3,Semestre 2,1,0.0,0.8403361344537815
64.0,2,32.0,0.0,0.0,1,B2B,Entreprise,Sousse,38.08,False,Terrain,COFFRETS CADEAUX,Terrain,VIREMENT,2025,7,Trimestre 3,Semestre 2,1,0.0,0.8403361344537815
120.0,3,40.0,0.0,0.0,1,B2B,Entreprise,Sousse,47.599999999999994,False,Terrain,JEUX,Terrain,VIREMENT,2025,7,Trimestre 3,Semestre 2,1,0.0,0.8403361344537816
40.0,1,40.0,0.0,0.0,1,B2B,Entreprise,Sousse,47.599999999999994,False,Terrain,LUMINAIRES,Terrain,VIREMENT,2025,7,Trimestre 3,Semestre 2,1,0.0,0.8403361344537816
98.9,1,49.9,0.0,8.0,1,B2C,Particulier,Jendouba,49.9,False,Site Web,VERRES,Site_Web,PAY IN PERSON,2025,7,Trimestre 3,Semestre 2,1,0.0,1.0
98.9,1,34.0,0.0,8.0,1,B2C,Particulier,Jendouba,34.0,False,Site Web,ARTICLES EN CUIVRE,Site_Web,PAY IN PERSON,2025,7,Trimestre 3,Semestre 2,1,0.0,1.0
98.9,1,15.0,0.0,8.0,1,B2C,Particulier,Jendouba,15.0,False,Site Web,ART DE TABLE,Site_Web,PAY IN PERSON,2025,7,Trimestre 3,Semestre 2,1,0.0,1.0
108.0,1,18.0,0.0,8.0,1,B2C,Particulier,Tunis,18.0,False,Site Web,ART DE TABLE,Site_Web,PAY IN PERSON,2025,7,Trimestre 3,Semestre 2,1,0.0,1.0
108.0,1,15.0,0.0,8.0,1,B2C,Particulier,Tunis,15.0,False,Site Web,ART DE TABLE,Site_Web,PAY IN PERSON,2025,7,Trimestre 3,Semestre 2,1,0.0,1.0
108.0,1,15.0,0.0,8.0,1,B2C,Particulier,Tunis,15.0,False,Site Web,"CÉRAMIQUES, COUFFINS & FOUTAS",Site_Web,PAY IN PERSON,2025,7,Trimestre 3,Semestre 2,1,0.0,1.0
108.0,1,20.0,0.0,8.0,1,B2C,Particulier,Tunis,20.0,False,Site Web,"CÉRAMIQUES, COUFFINS & FOUTAS",Site_Web,PAY IN PERSON,2025,7,Trimestre 3,Semestre 2,1,0.0,1.0
108.0,1,20.0,0.0,8.0,1,B2C,Particulier,Tunis,20.0,False,Site Web,PARFUM D'AMBIANCE,Site_Web,PAY IN PERSON,2025,7,Trimestre 3,Semestre 2,1,0.0,1.0
108.0,1,20.0,0.0,8.0,1,B2C,Particulier,Tunis,20.0,False,Site Web,CÉRAMIQUES,Site_Web,PAY IN PERSON,2025,7,Trimestre 3,Semestre 2,1,0.0,1.0
90.0,1,90.0,0.0,8.0,1,B2C,Particulier,Tunis,90.0,False,Site Web,"CÉRAMIQUES, VASES",Site_Web,WALLET PAYMENT,2025,7,Trimestre 3,Semestre 2,1,0.0,1.0
114.0,1,80.0,0.0,8.0,1,B2C,Particulier,Bizerte,80.0,False,Site Web,ARTICLES EN CUIVRE,Site_Web,PAY IN PERSON,2025,7,Trimestre 3,Semestre 2,1,0.0,1.0
114.0,1,34.0,0.0,8.0,1,B2C,Particulier,Bizerte,34.0,False,Site Web,ART DE LA TABLE,Site_Web,PAY IN PERSON,2025,7,Trimestre 3,Semestre 2,1,0.0,1.0
30.0,1,30.0,0.0,8.0,1,B2C,Particulier,Bizerte,30.0,False,Site Web,JEUX,Site_Web,PAY IN PERSON,2025,7,Trimestre 3,Semestre 2,1,0.0,1.0
95.0,1,50.0,0.0,8.0,1,B2C,Particulier,Tunis,50.0,False,Site Web,ART DE LA TABLE,Site_Web,PAY IN PERSON,2025,7,Trimestre 3,Semestre 2,1,0.0,1.0
95.0,1,45.0,0.0,8.0,1,B2C,Particulier,Tunis,45.0,False,Site Web,ARTICLES EN CUIVRE,Site_Web,PAY IN PERSON,2025,7,Trimestre 3,Semestre 2,1,0.0,1.0
30.0,1,30.0,0.0,8.0,1,B2C,Particulier,Ariana,30.0,False,Site Web,JEUX,Site_Web,PAY IN PERSON,2025,7,Trimestre 3,Semestre 2,1,0.0,1.0
86.0,1,86.0,0.0,8.0,1,B2C,Particulier,Tunis,86.0,False,Site Web,ÉLEMENT DE DÉCO,Site_Web,WALLET PAYMENT,2025,7,Trimestre 3,Semestre 2,1,0.0,1.0
30.0,1,30.0,0.0,8.0,1,B2C,Particulier,Ben Arous,30.0,False,Site Web,JEUX,Site_Web,PAY IN PERSON,2025,7,Trimestre 3,Semestre 2,1,0.0,1.0
100.0,2,50.0,0.0,8.0,1,B2C,Particulier,Tunis,50.0,False,Site Web,"VERRES, CUIVRES",Site_Web,PAY IN PERSON,2025,7,Trimestre 3,Semestre 2,1,0.0,1.0
84.0,1,84.0,0.0,8.0,1,B2C,Particulier,Tunis,99.0,True,Site Web,LUMINAIRES,Site_Web,WALLET PAYMENT,2025,7,Trimestre 3,Semestre 2,1,0.0,0.8484848484848485
90.0,1,90.0,0.0,8.0,1,B2C,Particulier,Tunis,90.0,False,Site Web,SERVICE DE TABLE,Site_Web,WALLET PAYMENT,2025,7,Trimestre 3,Semestre 2,1,0.0,1.0
65.0,1,65.0,0.0,8.0,1,B2C,Particulier,Tunis,65.0,False,Site Web,JEUX,Site_Web,WALLET PAYMENT,2025,7,Trimestre 3,Semestre 2,1,0.0,1.0
93.0,1,48.0,0.0,8.0,1,B2C,Particulier,Tunis,48.0,False,Site Web,LA TOUCHE DÉCO,Site_Web,PAY IN PERSON,2025,7,Trimestre 3,Semestre 2,1,0.0,1.0
93.0,1,45.0,0.0,8.0,1,B2C,Particulier,Tunis,45.0,False,Site Web,JEUX,Site_Web,PAY IN PERSON,2025,7,Trimestre 3,Semestre 2,1,0.0,1.0
134.0,1,100.0,0.0,8.0,1,B2C,Particulier,Tunis,100.0,False,Site Web,ART DE TABLE,Site_Web,PAY IN PERSON,2025,7,Trimestre 3,Semestre 2,1,0.0,1.0
134.0,1,34.0,0.0,8.0,1,B2C,Particulier,Tunis,34.0,False,Site Web,SERVICE DE TABLE,Site_Web,PAY IN PERSON,2025,7,Trimestre 3,Semestre 2,1,0.0,1.0
86.0,1,86.0,0.0,8.0,1,B2C,Particulier,Tunis,86.0,False,Site Web,ÉLEMENT DE DÉCO,Site_Web,WALLET PAYMENT,2025,7,Trimestre 3,Semestre 2,1,0.0,1.0
103.0,1,58.0,0.0,8.0,1,B2C,Particulier,Ben Arous,58.0,False,Site Web,JEUX,Site_Web,PAY IN PERSON,2025,7,Trimestre 3,Semestre 2,1,0.0,1.0
103.0,1,45.0,0.0,8.0,1,B2C,Particulier,Ben Arous,45.0,False,Site Web,JEUX,Site_Web,PAY IN PERSON,2025,7,Trimestre 3,Semestre 2,1,0.0,1.0
100.0,1,50.0,0.0,8.0,1,B2C,Particulier,Tunis,50.0,False,Site Web,"CÉRAMIQUES, VASES",Site_Web,PAY IN PERSON,2025,7,Trimestre 3,Semestre 2,1,0.0,1.0
100.0,1,50.0,0.0,8.0,1,B2C,Particulier,Tunis,50.0,False,Site Web,ART DE LA TABLE,Site_Web,PAY IN PERSON,2025,7,Trimestre 3,Semestre 2,1,0.0,1.0
91.0,1,46.0,0.0,8.0,1,B2C,Particulier,Tunis,46.0,False,Site Web,JEUX,Site_Web,WALLET PAYMENT,2025,7,Trimestre 3,Semestre 2,1,0.0,1.0
91.0,1,45.0,0.0,8.0,1,B2C,Particulier,Tunis,45.0,False,Site Web,JEUX,Site_Web,WALLET PAYMENT,2025,7,Trimestre 3,Semestre 2,1,0.0,1.0
100.0,1,100.0,0.0,8.0,1,B2C,Particulier,Nabeul,100.0,False,Site Web,ART DE TABLE,Site_Web,PAY IN PERSON,2025,8,Trimestre 3,Semestre 2,1,0.0,1.0
115.0,1,90.0,0.0,8.0,1,B2C,Particulier,Sousse,90.0,False,Site Web,SERVICE DE TABLE,Site_Web,PAY IN PERSON,2025,8,Trimestre 3,Semestre 2,1,0.0,1.0
115.0,1,25.0,0.0,8.0,1,B2C,Particulier,Sousse,30.0,False,Site Web,"CÉRAMIQUES, SERVICE DE TABLE",Site_Web,PAY IN PERSON,2025,8,Trimestre 3,Semestre 2,1,0.0,0.8333333333333334
94.9,1,45.0,0.0,8.0,1,B2C,Particulier,Tunis,45.0,False,Site Web,"CÉRAMIQUES, VASES",Site_Web,PAY IN PERSON,2025,8,Trimestre 3,Semestre 2,1,0.0,1.0
94.9,1,49.9,0.0,8.0,1,B2C,Particulier,Tunis,49.9,False,Site Web,VERRES,Site_Web,PAY IN PERSON,2025,8,Trimestre 3,Semestre 2,1,0.0,1.0
99.0,1,34.0,0.0,8.0,1,B2C,Particulier,Tunis,34.0,False,Site Web,ART DE LA TABLE,Site_Web,PAY IN PERSON,2025,8,Trimestre 3,Semestre 2,1,0.0,1.0
99.0,1,15.0,0.0,8.0,1,B2C,Particulier,Tunis,15.0,False,Site Web,ART DE TABLE,Site_Web,PAY IN PERSON,2025,8,Trimestre 3,Semestre 2,1,0.0,1.0
99.0,1,50.0,0.0,8.0,1,B2C,Particulier,Tunis,50.0,False,Site Web,"VERRES, CUIVRES",Site_Web,PAY IN PERSON,2025,8,Trimestre 3,Semestre 2,1,0.0,1.0
90.0,1,90.0,0.0,8.0,1,B2C,Particulier,Tunis,90.0,False,Site Web,SERVICE DE TABLE,Site_Web,WALLET PAYMENT,2025,8,Trimestre 3,Semestre 2,1,0.0,1.0
84.0,1,84.0,0.0,8.0,1,B2C,Particulier,Jendouba,99.0,True,Site Web,LUMINAIRES,Site_Web,WALLET PAYMENT,2025,8,Trimestre 3,Semestre 2,1,0.0,0.8484848484848485
78.0,1,48.0,0.0,8.0,1,B2C,Particulier,Tunis,48.0,False,Site Web,JEUX,Site_Web,PAY IN PERSON,2025,8,Trimestre 3,Semestre 2,1,0.0,1.0
78.0,1,30.0,0.0,8.0,1,B2C,Particulier,Tunis,30.0,False,Site Web,JEUX,Site_Web,PAY IN PERSON,2025,8,Trimestre 3,Semestre 2,1,0.0,1.0
134.0,1,100.0,0.0,8.0,1,B2C,Particulier,Manubah,100.0,False,Site Web,ART DE TABLE,Site_Web,PAY IN PERSON,2025,8,Trimestre 3,Semestre 2,1,0.0,1.0
134.0,1,34.0,0.0,8.0,1,B2C,Particulier,Manubah,34.0,False,Site Web,SERVICE DE TABLE,Site_Web,PAY IN PERSON,2025,8,Trimestre 3,Semestre 2,1,0.0,1.0
94.9,1,45.0,0.0,8.0,1,B2C,Particulier,Tunis,45.0,False,Site Web,ARTISANAT,Site_Web,PAY IN PERSON,2025,8,Trimestre 3,Semestre 2,1,0.0,1.0
94.9,1,49.9,0.0,8.0,1,B2C,Particulier,Tunis,49.9,False,Site Web,VERRES,Site_Web,PAY IN PERSON,2025,8,Trimestre 3,Semestre 2,1,0.0,1.0
95.0,1,20.0,0.0,8.0,1,B2C,Particulier,Beja,20.0,False,Site Web,CARAFES ET BOUTEILLES,Site_Web,PAY IN PERSON,2025,8,Trimestre 3,Semestre 2,1,0.0,1.0
95.0,1,35.0,0.0,8.0,1,B2C,Particulier,Beja,50.0,False,Site Web,CÉRAMIQUES,Site_Web,PAY IN PERSON,2025,8,Trimestre 3,Semestre 2,1,0.0,0.7
95.0,2,20.0,0.0,8.0,1,B2C,Particulier,Beja,20.0,False,Site Web,"CÉRAMIQUES, COUFFINS & FOUTAS",Site_Web,PAY IN PERSON,2025,8,Trimestre 3,Semestre 2,1,0.0,1.0
90.0,1,70.0,0.0,8.0,1,B2C,Particulier,Sidi Bou Zid,70.0,False,Site Web,ART DE TABLE,Site_Web,WALLET PAYMENT,2025,8,Trimestre 3,Semestre 2,1,0.0,1.0
90.0,1,20.0,0.0,8.0,1,B2C,Particulier,Sidi Bou Zid,20.0,False,Site Web,"CÉRAMIQUES, SERVICE DE TABLE",Site_Web,WALLET PAYMENT,2025,8,Trimestre 3,Semestre 2,1,0.0,1.0
92.0,1,92.0,0.0,8.0,1,B2C,Particulier,Tunis,92.0,False,Site Web,BOIS D'OLIVIER,Site_Web,AUTRE,2025,8,Trimestre 3,Semestre 2,1,0.0,1.0
99.0,1,50.0,0.0,8.0,1,B2C,Particulier,Tunis,50.0,False,Site Web,ART DE LA TABLE,Site_Web,PAY IN PERSON,2025,8,Trimestre 3,Semestre 2,1,0.0,1.0
99.0,1,34.0,0.0,8.0,1,B2C,Particulier,Tunis,34.0,False,Site Web,ART DE LA TABLE,Site_Web,PAY IN PERSON,2025,8,Trimestre 3,Semestre 2,1,0.0,1.0
99.0,1,15.0,0.0,8.0,1,B2C,Particulier,Tunis,15.0,False,Site Web,"CÉRAMIQUES, COUFFINS & FOUTAS",Site_Web,PAY IN PERSON,2025,8,Trimestre 3,Semestre 2,1,0.0,1.0
86.0,1,50.0,0.0,8.0,1,B2C,Particulier,Tunis,50.0,False,Site Web,ART DE LA TABLE,Site_Web,WALLET PAYMENT,2025,8,Trimestre 3,Semestre 2,1,0.0,1.0
86.0,1,18.0,0.0,8.0,1,B2C,Particulier,Tunis,18.0,False,Site Web,CARAFES ET BOUTEILLES,Site_Web,WALLET PAYMENT,2025,8,Trimestre 3,Semestre 2,1,0.0,1.0
86.0,1,18.0,0.0,8.0,1,B2C,Particulier,Tunis,18.0,False,Site Web,ART DE TABLE,Site_Web,WALLET PAYMENT,2025,8,Trimestre 3,Semestre 2,1,0.0,1.0
49.9,1,49.9,0.0,8.0,1,B2C,Particulier,Zaghouan,49.9,False,Site Web,COFFRETS CADEAUX,Site_Web,PAY IN PERSON,2025,8,Trimestre 3,Semestre 2,1,0.0,1.0
150.0,1,150.0,0.0,0.0,1,B2C,Particulier,Tunis,150.0,False,Site Web,"VERRES, SERVICE DE TABLE",Site_Web,PAY IN PERSON,2025,8,Trimestre 3,Semestre 2,1,0.0,1.0
25.0,1,25.0,0.0,8.0,1,B2C,Particulier,Tunis,30.0,False,Site Web,"CÉRAMIQUES, SERVICE DE TABLE",Site_Web,PAY IN PERSON,2025,8,Trimestre 3,Semestre 2,1,0.0,0.8333333333333334
219.0,1,219.0,0.0,0.0,1,B2C,Particulier,Tunis,219.0,False,Site Web,SERVICE DE TABLE,Site_Web,PAY IN PERSON,2025,8,Trimestre 3,Semestre 2,1,0.0,1.0
100.0,1,100.0,0.0,8.0,1,B2C,Particulier,Tunis,100.0,False,Site Web,ART DE TABLE,Site_Web,PAY IN PERSON,2025,8,Trimestre 3,Semestre 2,1,0.0,1.0
75.0,1,30.0,0.0,8.0,1,B2C,Particulier,Ariana,30.0,False,Site Web,JEUX,Site_Web,PAY IN PERSON,2025,8,Trimestre 3,Semestre 2,1,0.0,1.0
75.0,1,45.0,0.0,8.0,1,B2C,Particulier,Ariana,45.0,False,Site Web,JEUX,Site_Web,PAY IN PERSON,2025,8,Trimestre 3,Semestre 2,1,0.0,1.0
110.0,2,40.0,0.0,8.0,1,B2C,Particulier,Tunis,40.0,False,Site Web,ARTICLES EN CUIVRE,Site_Web,PAY IN PERSON,2025,8,Trimestre 3,Semestre 2,1,0.0,1.0
110.0,1,30.0,0.0,8.0,1,B2C,Particulier,Tunis,30.0,False,Site Web,ARTICLES EN CUIVRE,Site_Web,PAY IN PERSON,2025,8,Trimestre 3,Semestre 2,1,0.0,1.0
49.9,1,49.9,0.0,8.0,1,B2C,Particulier,Tunis,49.9,False,Site Web,COFFRETS CADEAUX,Site_Web,PAY IN PERSON,2025,8,Trimestre 3,Semestre 2,1,0.0,1.0
95.0,1,45.0,0.0,8.0,1,B2C,Particulier,Tunis,45.0,False,Site Web,ARTISANAT,Site_Web,PAY IN PERSON,2025,8,Trimestre 3,Semestre 2,1,0.0,1.0
95.0,1,50.0,0.0,8.0,1,B2C,Particulier,Tunis,50.0,False,Site Web,ART DE LA TABLE,Site_Web,PAY IN PERSON,2025,8,Trimestre 3,Semestre 2,1,0.0,1.0
100.0,1,45.0,0.0,8.0,1,B2C,Particulier,Tunis,45.0,False,Site Web,ARTISANAT,Site_Web,PAY IN PERSON,2025,8,Trimestre 3,Semestre 2,1,0.0,1.0
100.0,1,35.0,0.0,8.0,1,B2C,Particulier,Tunis,35.0,False,Site Web,"CÉRAMIQUES, VASES",Site_Web,PAY IN PERSON,2025,8,Trimestre 3,Semestre 2,1,0.0,1.0
100.0,1,20.0,0.0,8.0,1,B2C,Particulier,Tunis,20.0,False,Site Web,CARAFES ET BOUTEILLES,Site_Web,PAY IN PERSON,2025,8,Trimestre 3,Semestre 2,1,0.0,1.0
99.8,2,49.9,0.0,8.0,1,B2C,Particulier,Tunis,49.9,False,Site Web,COFFRETS CADEAUX,Site_Web,WALLET PAYMENT,2025,8,Trimestre 3,Semestre 2,1,0.0,1.0
105.0,1,50.0,0.0,8.0,1,B2C,Particulier,Tunis,50.0,False,Site Web,"VERRES, CUIVRES",Site_Web,PAY IN PERSON,2025,8,Trimestre 3,Semestre 2,1,0.0,1.0
105.0,1,55.0,0.0,8.0,1,B2C,Particulier,Tunis,55.0,False,Site Web,"VERRES, SERVICE DE TABLE",Site_Web,PAY IN PERSON,2025,8,Trimestre 3,Semestre 2,1,0.0,1.0
104.0,1,34.0,0.0,8.0,1,B2C,Particulier,Tunis,34.0,False,Site Web,ARTICLES EN CUIVRE,Site_Web,PAY IN PERSON,2025,8,Trimestre 3,Semestre 2,1,0.0,1.0
104.0,1,30.0,0.0,8.0,1,B2C,Particulier,Tunis,30.0,False,Site Web,ARTICLES EN CUIVRE,Site_Web,PAY IN PERSON,2025,8,Trimestre 3,Semestre 2,1,0.0,1.0
104.0,1,40.0,0.0,8.0,1,B2C,Particulier,Tunis,40.0,False,Site Web,ARTICLES EN CUIVRE,Site_Web,PAY IN PERSON,2025,8,Trimestre 3,Semestre 2,1,0.0,1.0
74.9,1,25.0,0.0,8.0,1,B2C,Particulier,Tunis,25.0,False,Site Web,"CÉRAMIQUES, SERVICE DE TABLE",Site_Web,WALLET PAYMENT,2025,8,Trimestre 3,Semestre 2,1,0.0,1.0
74.9,1,49.9,0.0,8.0,1,B2C,Particulier,Tunis,49.9,False,Site Web,VERRES,Site_Web,WALLET PAYMENT,2025,8,Trimestre 3,Semestre 2,1,0.0,1.0
95.0,1,25.0,0.0,8.0,1,B2C,Particulier,Tunis,25.0,False,Site Web,"CÉRAMIQUES, SERVICE DE TABLE",Site_Web,PAY IN PERSON,2025,8,Trimestre 3,Semestre 2,1,0.0,1.0
95.0,1,70.0,0.0,8.0,1,B2C,Particulier,Tunis,70.0,False,Site Web,"CÉRAMIQUES, SERVICE DE TABLE",Site_Web,PAY IN PERSON,2025,8,Trimestre 3,Semestre 2,1,0.0,1.0
155.0,1,90.0,0.0,0.0,1,B2C,Particulier,Sfax,90.0,False,Site Web,ARTISANAT,Site_Web,PAY IN PERSON,2025,8,Trimestre 3,Semestre 2,1,0.0,1.0
155.0,1,50.0,0.0,0.0,1,B2C,Particulier,Sfax,50.0,False,Site Web,"VERRES, CUIVRES",Site_Web,PAY IN PERSON,2025,8,Trimestre 3,Semestre 2,1,0.0,1.0
155.0,1,15.0,0.0,0.0,1,B2C,Particulier,Sfax,15.0,False,Site Web,ART DE TABLE,Site_Web,PAY IN PERSON,2025,8,Trimestre 3,Semestre 2,1,0.0,1.0
100.0,1,25.0,0.0,8.0,1,B2C,Particulier,Tunis,25.0,False,Site Web,SCULPTURES,Site_Web,PAY IN PERSON,2025,8,Trimestre 3,Semestre 2,1,0.0,1.0
100.0,3,25.0,0.0,8.0,1,B2C,Particulier,Tunis,25.0,False,Site Web,"CÉRAMIQUES, SERVICE DE TABLE",Site_Web,PAY IN PERSON,2025,8,Trimestre 3,Semestre 2,1,0.0,1.0
128.0,4,32.0,0.0,0.0,1,B2B,Entreprise,Sousse,38.08,False,Terrain,COFFRETS CADEAUX,Terrain,VIREMENT,2025,8,Trimestre 3,Semestre 2,1,0.0,0.8403361344537815
32.0,1,32.0,0.0,0.0,1,B2B,Entreprise,Ben Arous,38.08,False,Terrain,COFFRETS CADEAUX,Terrain,VIREMENT,2025,8,Trimestre 3,Semestre 2,1,0.0,0.8403361344537815
100.0,2,50.0,0.0,8.0,1,B2C,Particulier,Tunis,50.0,False,Site Web,"VERRES, CUIVRES",Site_Web,PAY IN PERSON,2025,8,Trimestre 3,Semestre 2,1,0.0,1.0
100.0,1,50.0,0.0,8.0,1,B2C,Particulier,Tunis,50.0,False,Site Web,"VERRES, CUIVRES",Site_Web,PAY IN PERSON,2025,8,Trimestre 3,Semestre 2,1,0.0,1.0
100.0,1,50.0,0.0,8.0,1,B2C,Particulier,Tunis,50.0,False,Site Web,"CÉRAMIQUES, VASES",Site_Web,PAY IN PERSON,2025,8,Trimestre 3,Semestre 2,1,0.0,1.0
99.9,1,49.9,0.0,8.0,1,B2C,Particulier,Tunis,49.9,False,Site Web,COFFRETS CADEAUX,Site_Web,PAY IN PERSON,2025,8,Trimestre 3,Semestre 2,1,0.0,1.0
99.9,1,50.0,0.0,8.0,1,B2C,Particulier,Tunis,50.0,False,Site Web,CÉRAMIQUES,Site_Web,PAY IN PERSON,2025,8,Trimestre 3,Semestre 2,1,0.0,1.0
90.0,1,90.0,0.0,8.0,1,B2C,Particulier,Sousse,90.0,False,Site Web,SERVICE DE TABLE,Site_Web,WALLET PAYMENT,2025,8,Trimestre 3,Semestre 2,1,0.0,1.0
100.0,1,100.0,0.0,8.0,1,B2C,Particulier,Tunis,100.0,False,Site Web,ART DE TABLE,Site_Web,PAY IN PERSON,2025,8,Trimestre 3,Semestre 2,1,0.0,1.0
100.0,1,100.0,0.0,8.0,1,B2C,Particulier,Monastir,100.0,False,Site Web,ART DE TABLE,Site_Web,PAY IN PERSON,2025,8,Trimestre 3,Semestre 2,1,0.0,1.0
105.0,1,45.0,0.0,8.0,1,B2C,Particulier,Tunis,45.0,False,Site Web,ARTICLES EN CUIVRE,Site_Web,PAY IN PERSON,2025,8,Trimestre 3,Semestre 2,1,0.0,1.0
105.0,2,30.0,0.0,8.0,1,B2C,Particulier,Tunis,30.0,False,Site Web,ARTICLES EN CUIVRE,Site_Web,PAY IN PERSON,2025,8,Trimestre 3,Semestre 2,1,0.0,1.0
85.0,1,85.0,0.0,8.0,1,B2C,Particulier,Ben Arous,85.0,False,Site Web,"VERRES, SERVICE DE TABLE",Site_Web,WALLET PAYMENT,2025,8,Trimestre 3,Semestre 2,1,0.0,1.0
100.0,1,100.0,0.0,8.0,1,B2C,Particulier,Ben Arous,100.0,False,Site Web,ART DE TABLE,Site_Web,PAY IN PERSON,2025,8,Trimestre 3,Semestre 2,1,0.0,1.0
100.0,1,100.0,0.0,8.0,1,B2C,Particulier,Tunis,100.0,False,Site Web,ART DE TABLE,Site_Web,PAY IN PERSON,2025,8,Trimestre 3,Semestre 2,1,0.0,1.0
90.0,1,90.0,0.0,8.0,1,B2C,Particulier,Tunis,90.0,False,Site Web,SERVICE DE TABLE,Site_Web,WALLET PAYMENT,2025,8,Trimestre 3,Semestre 2,1,0.0,1.0
135.0,1,45.0,0.0,8.0,1,B2C,Particulier,Ben Arous,45.0,False,Site Web,"CÉRAMIQUES, VASES",Site_Web,PAY IN PERSON,2025,8,Trimestre 3,Semestre 2,1,0.0,1.0
135.0,1,90.0,0.0,8.0,1,B2C,Particulier,Ben Arous,90.0,False,Site Web,"CÉRAMIQUES, VASES",Site_Web,PAY IN PERSON,2025,8,Trimestre 3,Semestre 2,1,0.0,1.0
100.0,1,80.0,0.0,8.0,1,B2C,Particulier,Ariana,90.0,False,Site Web,"CÉRAMIQUES, VASES",Site_Web,PAY IN PERSON,2025,8,Trimestre 3,Semestre 2,1,0.0,0.8888888888888888
100.0,1,20.0,0.0,8.0,1,B2C,Particulier,Ariana,20.0,False,Site Web,"CÉRAMIQUES, SERVICE DE TABLE",Site_Web,PAY IN PERSON,2025,8,Trimestre 3,Semestre 2,1,0.0,1.0
100.0,1,100.0,0.0,8.0,1,B2C,Particulier,Ariana,100.0,False,Site Web,"CÉRAMIQUES, SERVICE DE TABLE",Site_Web,PAY IN PERSON,2025,8,Trimestre 3,Semestre 2,1,0.0,1.0
85.0,2,25.0,0.0,8.0,1,B2C,Particulier,Tunis,25.0,False,Site Web,VASES ET POTS,Site_Web,WALLET PAYMENT,2025,8,Trimestre 3,Semestre 2,1,0.0,1.0
85.0,1,35.0,0.0,8.0,1,B2C,Particulier,Tunis,35.0,False,Site Web,ART DE TABLE,Site_Web,WALLET PAYMENT,2025,8,Trimestre 3,Semestre 2,1,0.0,1.0
94.0,1,34.0,0.0,8.0,1,B2C,Particulier,Ariana,34.0,False,Site Web,SERVICE DE TABLE,Site_Web,PAY IN PERSON,2025,8,Trimestre 3,Semestre 2,1,0.0,1.0
94.0,1,30.0,0.0,8.0,1,B2C,Particulier,Ariana,30.0,False,Site Web,CÉRAMIQUES,Site_Web,PAY IN PERSON,2025,8,Trimestre 3,Semestre 2,1,0.0,1.0
94.0,1,30.0,0.0,8.0,1,B2C,Particulier,Ariana,30.0,False,Site Web,CÉRAMIQUES,Site_Web,PAY IN PERSON,2025,8,Trimestre 3,Semestre 2,1,0.0,1.0
109.0,1,109.0,0.0,8.0,1,B2C,Particulier,Sousse,109.0,False,Site Web,COUFFINS & FOUTAS,Site_Web,PAY IN PERSON,2025,8,Trimestre 3,Semestre 2,1,0.0,1.0
96.0,2,48.0,0.0,8.0,1,B2C,Particulier,Sousse,48.0,False,Site Web,JEUX,Site_Web,PAY IN PERSON,2025,8,Trimestre 3,Semestre 2,1,0.0,1.0
115.0,1,30.0,0.0,8.0,1,B2C,Particulier,Tunis,30.0,False,Site Web,"CÉRAMIQUES, SERVICE DE TABLE",Site_Web,PAY IN PERSON,2025,8,Trimestre 3,Semestre 2,1,0.0,1.0
115.0,1,35.0,0.0,8.0,1,B2C,Particulier,Tunis,25.0,False,Site Web,VASES ET POTS,Site_Web,PAY IN PERSON,2025,8,Trimestre 3,Semestre 2,1,0.0,1.4
115.0,2,25.0,0.0,8.0,1,B2C,Particulier,Tunis,25.0,False,Site Web,CÉRAMIQUES,Site_Web,PAY IN PERSON,2025,8,Trimestre 3,Semestre 2,1,0.0,1.0
119.0,1,119.0,0.0,8.0,1,B2C,Particulier,Tunis,119.0,False,Site Web,COUFFINS & FOUTAS,Site_Web,PAY IN PERSON,2025,8,Trimestre 3,Semestre 2,1,0.0,1.0
119.0,1,119.0,0.0,8.0,1,B2C,Particulier,Tunis,119.0,False,Site Web,COUFFINS & FOUTAS,Site_Web,PAY IN PERSON,2025,8,Trimestre 3,Semestre 2,1,0.0,1.0
119.0,1,119.0,0.0,8.0,1,B2C,Particulier,Tunis,119.0,False,Site Web,COUFFINS & FOUTAS,Site_Web,PAY IN PERSON,2025,8,Trimestre 3,Semestre 2,1,0.0,1.0
84.0,1,84.0,0.0,8.0,1,B2C,Particulier,Sousse,99.0,True,Site Web,LUMINAIRES,Site_Web,PAY IN PERSON,2025,8,Trimestre 3,Semestre 2,1,0.0,0.8484848484848485
40.0,2,20.0,0.0,8.0,1,B2C,Particulier,Ariana,20.0,False,Site Web,COUFFINS & FOUTAS,Site_Web,PAY IN PERSON,2025,8,Trimestre 3,Semestre 2,1,0.0,1.0
100.0,1,100.0,0.0,8.0,1,B2C,Particulier,Nabeul,100.0,False,Site Web,ART DE TABLE,Site_Web,PAY IN PERSON,2025,8,Trimestre 3,Semestre 2,1,0.0,1.0
120.0,1,120.0,0.0,8.0,1,B2C,Particulier,Tunis,120.0,False,Site Web,"VERRES, SERVICE DE TABLE",Site_Web,PAY IN PERSON,2025,9,Trimestre 3,Semestre 2,0,0.0,1.0
100.0,1,25.0,0.0,8.0,1,B2C,Particulier,Ben Arous,25.0,False,Site Web,CÉRAMIQUES,Site_Web,PAY IN PERSON,2025,9,Trimestre 3,Semestre 2,0,0.0,1.0
100.0,1,25.0,0.0,8.0,1,B2C,Particulier,Ben Arous,25.0,False,Site Web,CÉRAMIQUES,Site_Web,PAY IN PERSON,2025,9,Trimestre 3,Semestre 2,0,0.0,1.0
100.0,1,50.0,0.0,8.0,1,B2C,Particulier,Ben Arous,50.0,False,Site Web,ART DE LA TABLE,Site_Web,PAY IN PERSON,2025,9,Trimestre 3,Semestre 2,0,0.0,1.0
100.0,1,30.0,0.0,8.0,1,B2C,Particulier,Tunis,30.0,False,Site Web,"CÉRAMIQUES, SERVICE DE TABLE",Site_Web,PAY IN PERSON,2025,9,Trimestre 3,Semestre 2,0,0.0,1.0
100.0,1,25.0,0.0,8.0,1,B2C,Particulier,Tunis,25.0,False,Site Web,CÉRAMIQUES,Site_Web,PAY IN PERSON,2025,9,Trimestre 3,Semestre 2,0,0.0,1.0
100.0,1,25.0,0.0,8.0,1,B2C,Particulier,Tunis,25.0,False,Site Web,CÉRAMIQUES,Site_Web,PAY IN PERSON,2025,9,Trimestre 3,Semestre 2,0,0.0,1.0
100.0,1,20.0,0.0,8.0,1,B2C,Particulier,Tunis,20.0,False,Site Web,CARAFES ET BOUTEILLES,Site_Web,PAY IN PERSON,2025,9,Trimestre 3,Semestre 2,0,0.0,1.0
124.0,1,34.0,0.0,8.0,1,B2C,Particulier,Tunis,34.0,False,Site Web,SERVICE DE TABLE,Site_Web,PAY IN PERSON,2025,9,Trimestre 3,Semestre 2,0,0.0,1.0
124.0,1,90.0,0.0,8.0,1,B2C,Particulier,Tunis,90.0,False,Site Web,SERVICE DE TABLE,Site_Web,PAY IN PERSON,2025,9,Trimestre 3,Semestre 2,0,0.0,1.0
94.0,1,46.0,0.0,8.0,1,B2C,Particulier,Tunis,46.0,False,Site Web,JEUX,Site_Web,PAY IN PERSON,2025,9,Trimestre 3,Semestre 2,0,0.0,1.0
94.0,1,48.0,0.0,8.0,1,B2C,Particulier,Tunis,48.0,False,Site Web,LA TOUCHE DÉCO,Site_Web,PAY IN PERSON,2025,9,Trimestre 3,Semestre 2,0,0.0,1.0
88.0,1,30.0,0.0,8.0,1,B2C,Particulier,Tunis,30.0,False,Site Web,JEUX,Site_Web,PAY IN PERSON,2025,9,Trimestre 3,Semestre 2,0,0.0,1.0
88.0,1,58.0,0.0,8.0,1,B2C,Particulier,Tunis,58.0,False,Site Web,JEUX,Site_Web,PAY IN PERSON,2025,9,Trimestre 3,Semestre 2,0,0.0,1.0
65.0,2,20.0,0.0,8.0,1,B2C,Particulier,Bizerte,20.0,False,Site Web,"CÉRAMIQUES, SERVICE DE TABLE",Site_Web,PAY IN PERSON,2025,9,Trimestre 3,Semestre 2,0,0.0,1.0
65.0,1,25.0,0.0,8.0,1,B2C,Particulier,Bizerte,25.0,False,Site Web,ART DE TABLE,Site_Web,PAY IN PERSON,2025,9,Trimestre 3,Semestre 2,0,0.0,1.0
100.0,2,50.0,0.0,8.0,1,B2C,Particulier,Tunis,50.0,False,Site Web,"VERRES, CUIVRES",Site_Web,PAY IN PERSON,2025,9,Trimestre 3,Semestre 2,0,0.0,1.0
20.0,1,20.0,0.0,8.0,1,B2C,Particulier,Tunis,20.0,False,Site Web,COUFFINS & FOUTAS,Site_Web,PAY IN PERSON,2025,9,Trimestre 3,Semestre 2,0,0.0,1.0
90.0,1,90.0,0.0,8.0,1,B2C,Particulier,Tunis,90.0,False,Site Web,COUFFINS & FOUTAS,Site_Web,WALLET PAYMENT,2025,9,Trimestre 3,Semestre 2,0,0.0,1.0
128.0,4,32.0,0.0,0.0,1,B2B,Entreprise,Sousse,38.08,False,Terrain,COFFRETS CADEAUX,Terrain,VIREMENT,2025,9,Trimestre 3,Semestre 2,0,0.0,0.8403361344537815
50.0,1,50.0,0.0,0.0,1,B2B,Entreprise,Sousse,59.5,False,Terrain,COFFRETS CADEAUX,Terrain,VIREMENT,2025,9,Trimestre 3,Semestre 2,0,0.0,0.8403361344537815
50.0,1,50.0,0.0,0.0,1,B2B,Entreprise,Sousse,59.5,False,Terrain,LUMINAIRES,Terrain,VIREMENT,2025,9,Trimestre 3,Semestre 2,0,0.0,0.8403361344537815
32.0,1,32.0,0.0,0.0,1,B2B,Entreprise,Sousse,38.08,False,Terrain,LA TOUCHE DÉCO,Terrain,VIREMENT,2025,9,Trimestre 3,Semestre 2,0,0.0,0.8403361344537815
32.0,1,32.0,0.0,0.0,1,B2B,Entreprise,Sousse,38.08,False,Terrain,COFFRETS CADEAUX,Terrain,VIREMENT,2025,9,Trimestre 3,Semestre 2,0,0.0,0.8403361344537815
128.0,4,32.0,0.0,0.0,1,B2B,Entreprise,Ben Arous,38.08,False,Terrain,COFFRETS CADEAUX,Terrain,VIREMENT,2025,9,Trimestre 3,Semestre 2,0,0.0,0.8403361344537815
65.0,1,65.0,0.0,8.0,1,B2C,Particulier,Ariana,65.0,False,Site Web,JEUX,Site_Web,PAY IN PERSON,2025,9,Trimestre 3,Semestre 2,0,0.0,1.0
94.0,1,34.0,0.0,8.0,1,B2C,Particulier,Tunis,34.0,False,Site Web,SERVICE DE TABLE,Site_Web,PAY IN PERSON,2025,9,Trimestre 3,Semestre 2,0,0.0,1.0
94.0,1,30.0,0.0,8.0,1,B2C,Particulier,Tunis,30.0,False,Site Web,JEUX,Site_Web,PAY IN PERSON,2025,9,Trimestre 3,Semestre 2,0,0.0,1.0
94.0,1,30.0,0.0,8.0,1,B2C,Particulier,Tunis,30.0,False,Site Web,"CÉRAMIQUES, SERVICE DE TABLE",Site_Web,PAY IN PERSON,2025,9,Trimestre 3,Semestre 2,0,0.0,1.0
119.0,1,119.0,0.0,8.0,1,B2C,Particulier,Tunis,119.0,False,Site Web,COUFFINS & FOUTAS,Site_Web,PAY IN PERSON,2025,9,Trimestre 3,Semestre 2,0,0.0,1.0
90.0,1,90.0,0.0,8.0,1,B2C,Particulier,Tunis,90.0,False,Site Web,COUFFINS & FOUTAS,Site_Web,WALLET PAYMENT,2025,9,Trimestre 3,Semestre 2,0,0.0,1.0
185.0,1,31.0,20.0,0.0,1,B2C,Particulier,Sousse,31.0,False,Site Web,ART DE LA TABLE,Site_Web,PAY IN PERSON,2025,9,Trimestre 3,Semestre 2,0,0.6451612903225806,1.0
185.0,2,31.0,0.0,0.0,1,B2C,Particulier,Sousse,31.0,False,Site Web,ART DE LA TABLE,Site_Web,PAY IN PERSON,2025,9,Trimestre 3,Semestre 2,0,0.0,1.0
185.0,2,36.0,0.0,0.0,1,B2C,Particulier,Sousse,36.0,False,Site Web,JEUX,Site_Web,PAY IN PERSON,2025,9,Trimestre 3,Semestre 2,0,0.0,1.0
119.0,1,119.0,0.0,8.0,1,B2C,Particulier,Nabeul,119.0,False,Site Web,COUFFINS & FOUTAS,Site_Web,PAY IN PERSON,2025,9,Trimestre 3,Semestre 2,0,0.0,1.0
90.0,2,30.0,0.0,8.0,1,B2C,Particulier,Tunis,30.0,False,Site Web,"CÉRAMIQUES, SERVICE DE TABLE",Site_Web,WALLET PAYMENT,2025,9,Trimestre 3,Semestre 2,0,0.0,1.0
90.0,1,30.0,0.0,8.0,1,B2C,Particulier,Tunis,30.0,False,Site Web,CÉRAMIQUES,Site_Web,WALLET PAYMENT,2025,9,Trimestre 3,Semestre 2,0,0.0,1.0
96.0,1,46.0,0.0,8.0,1,B2C,Particulier,Ariana,46.0,False,Site Web,JEUX,Site_Web,PAY IN PERSON,2025,9,Trimestre 3,Semestre 2,0,0.0,1.0
96.0,1,50.0,0.0,8.0,1,B2C,Particulier,Ariana,50.0,False,Site Web,"VERRES, CUIVRES",Site_Web,PAY IN PERSON,2025,9,Trimestre 3,Semestre 2,0,0.0,1.0
90.0,1,90.0,0.0,8.0,1,B2C,Particulier,Tunis,90.0,False,Site Web,SERVICE DE TABLE,Site_Web,WALLET PAYMENT,2025,9,Trimestre 3,Semestre 2,0,0.0,1.0
30.0,1,30.0,0.0,8.0,1,B2C,Particulier,Tunis,30.0,False,Site Web,CÉRAMIQUES,Site_Web,WALLET PAYMENT,2025,9,Trimestre 3,Semestre 2,0,0.0,1.0
85.0,1,30.0,0.0,8.0,1,B2C,Particulier,Tunis,30.0,False,Site Web,"CÉRAMIQUES, SERVICE DE TABLE",Site_Web,WALLET PAYMENT,2025,9,Trimestre 3,Semestre 2,0,0.0,1.0
85.0,1,25.0,0.0,8.0,1,B2C,Particulier,Tunis,25.0,False,Site Web,CÉRAMIQUES,Site_Web,WALLET PAYMENT,2025,9,Trimestre 3,Semestre 2,0,0.0,1.0
85.0,1,30.0,0.0,8.0,1,B2C,Particulier,Tunis,30.0,False,Site Web,CÉRAMIQUES,Site_Web,WALLET PAYMENT,2025,9,Trimestre 3,Semestre 2,0,0.0,1.0
99.9,1,25.0,0.0,8.0,1,B2C,Particulier,Tunis,25.0,False,Site Web,CÉRAMIQUES,Site_Web,PAY IN PERSON,2025,9,Trimestre 3,Semestre 2,0,0.0,1.0
99.9,1,25.0,0.0,8.0,1,B2C,Particulier,Tunis,25.0,False,Site Web,CÉRAMIQUES,Site_Web,PAY IN PERSON,2025,9,Trimestre 3,Semestre 2,0,0.0,1.0
99.9,1,49.9,0.0,8.0,1,B2C,Particulier,Tunis,49.9,False,Site Web,VERRES,Site_Web,PAY IN PERSON,2025,9,Trimestre 3,Semestre 2,0,0.0,1.0
100.0,1,20.0,0.0,8.0,1,B2C,Particulier,Tunis,20.0,False,Site Web,COUFFINS & FOUTAS,Site_Web,PAY IN PERSON,2025,9,Trimestre 3,Semestre 2,0,0.0,1.0
100.0,1,20.0,0.0,8.0,1,B2C,Particulier,Tunis,20.0,False,Site Web,COUFFINS & FOUTAS,Site_Web,PAY IN PERSON,2025,9,Trimestre 3,Semestre 2,0,0.0,1.0
100.0,1,20.0,0.0,8.0,1,B2C,Particulier,Tunis,20.0,False,Site Web,COUFFINS & FOUTAS,Site_Web,PAY IN PERSON,2025,9,Trimestre 3,Semestre 2,0,0.0,1.0
100.0,1,20.0,0.0,8.0,1,B2C,Particulier,Tunis,20.0,False,Site Web,COUFFINS & FOUTAS,Site_Web,PAY IN PERSON,2025,9,Trimestre 3,Semestre 2,0,0.0,1.0
100.0,1,20.0,0.0,8.0,1,B2C,Particulier,Tunis,20.0,False,Site Web,COUFFINS & FOUTAS,Site_Web,PAY IN PERSON,2025,9,Trimestre 3,Semestre 2,0,0.0,1.0
90.0,1,90.0,0.0,8.0,1,B2C,Particulier,Jendouba,90.0,False,Site Web,COUFFINS & FOUTAS,Site_Web,WALLET PAYMENT,2025,9,Trimestre 3,Semestre 2,0,0.0,1.0
80.0,1,50.0,0.0,8.0,1,B2C,Particulier,Tunis,50.0,False,Site Web,"VERRES, CUIVRES",Site_Web,WALLET PAYMENT,2025,9,Trimestre 3,Semestre 2,0,0.0,1.0
80.0,1,30.0,0.0,8.0,1,B2C,Particulier,Tunis,30.0,False,Site Web,CÉRAMIQUES,Site_Web,WALLET PAYMENT,2025,9,Trimestre 3,Semestre 2,0,0.0,1.0
48.0,1,48.0,0.0,8.0,1,B2C,Particulier,Medenine,48.0,False,Site Web,JEUX,Site_Web,PAY IN PERSON,2025,10,Trimestre 4,Semestre 2,0,0.0,1.0
100.0,1,20.0,0.0,8.0,1,B2C,Particulier,Ariana,20.0,False,Site Web,COUFFINS & FOUTAS,Site_Web,PAY IN PERSON,2025,10,Trimestre 4,Semestre 2,0,0.0,1.0
100.0,1,80.0,0.0,8.0,1,B2C,Particulier,Ariana,80.0,False,Site Web,BOIS D'OLIVIER,Site_Web,PAY IN PERSON,2025,10,Trimestre 4,Semestre 2,0,0.0,1.0
90.0,1,90.0,0.0,8.0,1,B2C,Particulier,Ariana,90.0,False,Site Web,SERVICE DE TABLE,Site_Web,WALLET PAYMENT,2025,10,Trimestre 4,Semestre 2,0,0.0,1.0
110.0,1,90.0,0.0,8.0,1,B2C,Particulier,Tunis,90.0,False,Site Web,COUFFINS & FOUTAS,Site_Web,PAY IN PERSON,2025,10,Trimestre 4,Semestre 2,0,0.0,1.0
110.0,1,20.0,0.0,8.0,1,B2C,Particulier,Tunis,20.0,False,Site Web,COUFFINS & FOUTAS,Site_Web,PAY IN PERSON,2025,10,Trimestre 4,Semestre 2,0,0.0,1.0
104.9,1,30.0,0.0,8.0,1,B2C,Particulier,Jendouba,30.0,False,Site Web,CÉRAMIQUES,Site_Web,PAY IN PERSON,2025,10,Trimestre 4,Semestre 2,0,0.0,1.0
104.9,1,49.9,0.0,8.0,1,B2C,Particulier,Jendouba,49.9,False,Site Web,VERRES,Site_Web,PAY IN PERSON,2025,10,Trimestre 4,Semestre 2,0,0.0,1.0
104.9,1,25.0,0.0,8.0,1,B2C,Particulier,Jendouba,25.0,False,Site Web,CÉRAMIQUES,Site_Web,PAY IN PERSON,2025,10,Trimestre 4,Semestre 2,0,0.0,1.0
110.0,2,30.0,0.0,8.0,1,B2C,Particulier,Tunis,30.0,False,Site Web,"CÉRAMIQUES, SERVICE DE TABLE",Site_Web,PAY IN PERSON,2025,10,Trimestre 4,Semestre 2,0,0.0,1.0
110.0,1,50.0,0.0,8.0,1,B2C,Particulier,Tunis,50.0,False,Site Web,"VERRES, CUIVRES",Site_Web,PAY IN PERSON,2025,10,Trimestre 4,Semestre 2,0,0.0,1.0
100.0,1,25.0,0.0,8.0,1,B2C,Particulier,Tunis,25.0,False,Site Web,CÉRAMIQUES,Site_Web,PAY IN PERSON,2025,10,Trimestre 4,Semestre 2,0,0.0,1.0
100.0,1,25.0,0.0,8.0,1,B2C,Particulier,Tunis,25.0,False,Site Web,CÉRAMIQUES,Site_Web,PAY IN PERSON,2025,10,Trimestre 4,Semestre 2,0,0.0,1.0
100.0,1,25.0,0.0,8.0,1,B2C,Particulier,Tunis,25.0,False,Site Web,CÉRAMIQUES,Site_Web,PAY IN PERSON,2025,10,Trimestre 4,Semestre 2,0,0.0,1.0
100.0,1,25.0,0.0,8.0,1,B2C,Particulier,Tunis,25.0,False,Site Web,CÉRAMIQUES,Site_Web,PAY IN PERSON,2025,10,Trimestre 4,Semestre 2,0,0.0,1.0
120.0,1,120.0,0.0,8.0,1,B2C,Particulier,Tunis,120.0,False,Site Web,"VERRES, SERVICE DE TABLE",Site_Web,PAY IN PERSON,2025,10,Trimestre 4,Semestre 2,0,0.0,1.0
80.0,4,20.0,0.0,8.0,1,B2C,Particulier,Tunis,20.0,False,Site Web,COUFFINS & FOUTAS,Site_Web,WALLET PAYMENT,2025,10,Trimestre 4,Semestre 2,0,0.0,1.0
96.0,3,32.0,0.0,0.0,1,B2B,Entreprise,Ben Arous,38.08,False,Terrain,COFFRETS CADEAUX,Terrain,VIREMENT,2025,10,Trimestre 4,Semestre 2,0,0.0,0.8403361344537815
96.0,3,32.0,0.0,0.0,1,B2B,Entreprise,Sousse,38.08,False,Terrain,COFFRETS CADEAUX,Terrain,VIREMENT,2025,10,Trimestre 4,Semestre 2,0,0.0,0.8403361344537815
200.0,1,200.0,0.0,0.0,1,B2B,Entreprise,Tunis,238.0,False,Terrain,LUMINAIRES,Terrain,VIREMENT,2025,10,Trimestre 4,Semestre 2,0,0.0,0.8403361344537815
95.0,2,25.0,0.0,8.0,1,B2C,Particulier,Tunis,25.0,False,Site Web,CÉRAMIQUES,Site_Web,PAY IN PERSON,2025,10,Trimestre 4,Semestre 2,0,0.0,1.0
95.0,1,45.0,0.0,8.0,1,B2C,Particulier,Tunis,45.0,False,Site Web,JEUX,Site_Web,PAY IN PERSON,2025,10,Trimestre 4,Semestre 2,0,0.0,1.0
100.0,1,25.0,0.0,8.0,1,B2C,Particulier,Tunis,25.0,False,Site Web,CÉRAMIQUES,Site_Web,PAY IN PERSON,2025,10,Trimestre 4,Semestre 2,0,0.0,1.0
100.0,2,25.0,0.0,8.0,1,B2C,Particulier,Tunis,25.0,False,Site Web,CÉRAMIQUES,Site_Web,PAY IN PERSON,2025,10,Trimestre 4,Semestre 2,0,0.0,1.0
100.0,1,25.0,0.0,8.0,1,B2C,Particulier,Tunis,25.0,False,Site Web,CÉRAMIQUES,Site_Web,PAY IN PERSON,2025,10,Trimestre 4,Semestre 2,0,0.0,1.0
99.9,1,49.9,0.0,8.0,1,B2C,Particulier,Tunis,49.9,False,Site Web,VERRES,Site_Web,PAY IN PERSON,2025,10,Trimestre 4,Semestre 2,0,0.0,1.0
99.9,1,50.0,0.0,8.0,1,B2C,Particulier,Tunis,50.0,False,Site Web,"VERRES, CUIVRES",Site_Web,PAY IN PERSON,2025,10,Trimestre 4,Semestre 2,0,0.0,1.0
90.0,2,20.0,0.0,8.0,1,B2C,Particulier,Ben Arous,20.0,False,Site Web,"CÉRAMIQUES, COUFFINS & FOUTAS",Site_Web,PAY IN PERSON,2025,10,Trimestre 4,Semestre 2,0,0.0,1.0
90.0,2,25.0,0.0,8.0,1,B2C,Particulier,Ben Arous,25.0,False,Site Web,CARAFES ET BOUTEILLES,Site_Web,PAY IN PERSON,2025,10,Trimestre 4,Semestre 2,0,0.0,1.0
105.0,1,30.0,0.0,8.0,1,B2C,Particulier,Tunis,30.0,False,Site Web,"CÉRAMIQUES, SERVICE DE TABLE",Site_Web,PAY IN PERSON,2025,10,Trimestre 4,Semestre 2,0,0.0,1.0
105.0,1,25.0,0.0,8.0,1,B2C,Particulier,Tunis,25.0,False,Site Web,CÉRAMIQUES,Site_Web,PAY IN PERSON,2025,10,Trimestre 4,Semestre 2,0,0.0,1.0
105.0,1,30.0,0.0,8.0,1,B2C,Particulier,Tunis,30.0,False,Site Web,CÉRAMIQUES,Site_Web,PAY IN PERSON,2025,10,Trimestre 4,Semestre 2,0,0.0,1.0
105.0,1,20.0,0.0,8.0,1,B2C,Particulier,Tunis,20.0,False,Site Web,COUFFINS & FOUTAS,Site_Web,PAY IN PERSON,2025,10,Trimestre 4,Semestre 2,0,0.0,1.0
90.0,1,90.0,0.0,8.0,1,B2C,Particulier,Tunis,90.0,False,Site Web,SERVICE DE TABLE,Site_Web,WALLET PAYMENT,2025,10,Trimestre 4,Semestre 2,0,0.0,1.0
25.0,1,25.0,0.0,8.0,1,B2C,Particulier,Tataouine,25.0,False,Site Web,CÉRAMIQUES,Site_Web,PAY IN PERSON,2025,10,Trimestre 4,Semestre 2,0,0.0,1.0
110.0,1,60.0,0.0,8.0,1,B2C,Particulier,Tunis,60.0,False,Site Web,"VERRES, SERVICE DE TABLE",Site_Web,PAY IN PERSON,2025,10,Trimestre 4,Semestre 2,0,0.0,1.0
110.0,1,50.0,0.0,8.0,1,B2C,Particulier,Tunis,50.0,False,Site Web,"VERRES, CUIVRES",Site_Web,PAY IN PERSON,2025,10,Trimestre 4,Semestre 2,0,0.0,1.0
110.0,1,25.0,0.0,8.0,1,B2C,Particulier,Tunis,25.0,False,Site Web,CÉRAMIQUES,Site_Web,PAY IN PERSON,2025,10,Trimestre 4,Semestre 2,0,0.0,1.0
110.0,1,25.0,0.0,8.0,1,B2C,Particulier,Tunis,25.0,False,Site Web,CÉRAMIQUES,Site_Web,PAY IN PERSON,2025,10,Trimestre 4,Semestre 2,0,0.0,1.0
110.0,1,30.0,0.0,8.0,1,B2C,Particulier,Tunis,30.0,False,Site Web,"CÉRAMIQUES, SERVICE DE TABLE",Site_Web,PAY IN PERSON,2025,10,Trimestre 4,Semestre 2,0,0.0,1.0
110.0,1,30.0,0.0,8.0,1,B2C,Particulier,Tunis,30.0,False,Site Web,CÉRAMIQUES,Site_Web,PAY IN PERSON,2025,10,Trimestre 4,Semestre 2,0,0.0,1.0
100.0,2,50.0,0.0,8.0,1,B2C,Particulier,Tunis,50.0,False,Site Web,"VERRES, CUIVRES",Site_Web,PAY IN PERSON,2025,10,Trimestre 4,Semestre 2,0,0.0,1.0
99.0,1,20.0,0.0,8.0,1,B2C,Particulier,Tunis,20.0,False,Site Web,"CÉRAMIQUES, SERVICE DE TABLE",Site_Web,PAY IN PERSON,2025,10,Trimestre 4,Semestre 2,0,0.0,1.0
99.0,1,20.0,0.0,8.0,1,B2C,Particulier,Tunis,20.0,False,Site Web,COUFFINS & FOUTAS,Site_Web,PAY IN PERSON,2025,10,Trimestre 4,Semestre 2,0,0.0,1.0
99.0,1,25.0,0.0,8.0,1,B2C,Particulier,Tunis,25.0,False,Site Web,CÉRAMIQUES,Site_Web,PAY IN PERSON,2025,10,Trimestre 4,Semestre 2,0,0.0,1.0
99.0,1,34.0,0.0,8.0,1,B2C,Particulier,Tunis,34.0,False,Site Web,SERVICE DE TABLE,Site_Web,PAY IN PERSON,2025,10,Trimestre 4,Semestre 2,0,0.0,1.0
119.0,1,119.0,0.0,8.0,1,B2C,Particulier,Tunis,119.0,False,Site Web,COUFFINS & FOUTAS,Site_Web,PAY IN PERSON,2025,10,Trimestre 4,Semestre 2,0,0.0,1.0
80.0,1,80.0,0.0,8.0,1,B2C,Particulier,Tunis,80.0,False,Site Web,BOIS D'OLIVIER,Site_Web,PAY IN PERSON,2025,10,Trimestre 4,Semestre 2,0,0.0,1.0
90.0,1,90.0,0.0,8.0,1,B2C,Particulier,Tunis,90.0,False,Site Web,"CÉRAMIQUES, VASES",Site_Web,WALLET PAYMENT,2025,10,Trimestre 4,Semestre 2,0,0.0,1.0
119.0,1,119.0,0.0,8.0,1,B2C,Particulier,Ariana,119.0,False,Site Web,COUFFINS & FOUTAS,Site_Web,PAY IN PERSON,2025,10,Trimestre 4,Semestre 2,0,0.0,1.0
105.0,1,80.0,0.0,8.0,1,B2C,Particulier,Ariana,80.0,False,Site Web,BOIS D'OLIVIER,Site_Web,PAY IN PERSON,2025,10,Trimestre 4,Semestre 2,0,0.0,1.0
105.0,1,25.0,0.0,8.0,1,B2C,Particulier,Ariana,25.0,False,Site Web,CÉRAMIQUES,Site_Web,PAY IN PERSON,2025,10,Trimestre 4,Semestre 2,0,0.0,1.0
90.0,1,90.0,0.0,8.0,1,B2C,Particulier,Gabes,90.0,False,Site Web,COUFFINS & FOUTAS,Site_Web,PAY IN PERSON,2025,10,Trimestre 4,Semestre 2,0,0.0,1.0
110.0,1,20.0,0.0,8.0,1,B2C,Particulier,Ariana,20.0,False,Site Web,COUFFINS & FOUTAS,Site_Web,PAY IN PERSON,2025,10,Trimestre 4,Semestre 2,0,0.0,1.0
110.0,1,20.0,0.0,8.0,1,B2C,Particulier,Ariana,20.0,False,Site Web,COUFFINS & FOUTAS,Site_Web,PAY IN PERSON,2025,10,Trimestre 4,Semestre 2,0,0.0,1.0
110.0,1,20.0,0.0,8.0,1,B2C,Particulier,Ariana,20.0,False,Site Web,"CÉRAMIQUES, SERVICE DE TABLE",Site_Web,PAY IN PERSON,2025,10,Trimestre 4,Semestre 2,0,0.0,1.0
110.0,1,25.0,0.0,8.0,1,B2C,Particulier,Ariana,25.0,False,Site Web,CÉRAMIQUES,Site_Web,PAY IN PERSON,2025,10,Trimestre 4,Semestre 2,0,0.0,1.0
110.0,1,25.0,0.0,8.0,1,B2C,Particulier,Ariana,25.0,False,Site Web,CÉRAMIQUES,Site_Web,PAY IN PERSON,2025,10,Trimestre 4,Semestre 2,0,0.0,1.0
58.0,1,58.0,0.0,8.0,1,B2C,Particulier,Gafsa,58.0,False,Site Web,JEUX,Site_Web,PAY IN PERSON,2025,11,Trimestre 4,Semestre 2,0,0.0,1.0
99.8,1,49.9,0.0,8.0,1,B2C,Particulier,Tunis,49.9,False,Site Web,VERRES,Site_Web,PAY IN PERSON,2025,11,Trimestre 4,Semestre 2,0,0.0,1.0
99.8,1,49.9,0.0,8.0,1,B2C,Particulier,Tunis,49.9,False,Site Web,VERRES,Site_Web,PAY IN PERSON,2025,11,Trimestre 4,Semestre 2,0,0.0,1.0
90.0,1,90.0,0.0,8.0,1,B2C,Particulier,Bizerte,90.0,False,Site Web,SERVICE DE TABLE,Site_Web,PAY IN PERSON,2025,11,Trimestre 4,Semestre 2,0,0.0,1.0
99.9,1,49.9,0.0,8.0,1,B2C,Particulier,Tunis,49.9,False,Site Web,VERRES,Site_Web,PAY IN PERSON,2025,11,Trimestre 4,Semestre 2,0,0.0,1.0
99.9,1,50.0,0.0,8.0,1,B2C,Particulier,Tunis,50.0,False,Site Web,"VERRES, CUIVRES",Site_Web,PAY IN PERSON,2025,11,Trimestre 4,Semestre 2,0,0.0,1.0
105.0,1,50.0,0.0,8.0,1,B2C,Particulier,Tunis,50.0,False,Site Web,"VERRES, CUIVRES",Site_Web,PAY IN PERSON,2025,11,Trimestre 4,Semestre 2,0,0.0,1.0
105.0,1,25.0,0.0,8.0,1,B2C,Particulier,Tunis,25.0,False,Site Web,CÉRAMIQUES,Site_Web,PAY IN PERSON,2025,11,Trimestre 4,Semestre 2,0,0.0,1.0
105.0,1,30.0,0.0,8.0,1,B2C,Particulier,Tunis,30.0,False,Site Web,"CÉRAMIQUES, SERVICE DE TABLE",Site_Web,PAY IN PERSON,2025,11,Trimestre 4,Semestre 2,0,0.0,1.0
106.0,1,56.0,0.0,8.0,1,B2C,Particulier,Tunis,56.0,False,Site Web,"VERRES, SERVICE DE TABLE",Site_Web,PAY IN PERSON,2025,11,Trimestre 4,Semestre 2,0,0.0,1.0
106.0,1,50.0,0.0,8.0,1,B2C,Particulier,Tunis,50.0,False,Site Web,"VERRES, CUIVRES",Site_Web,PAY IN PERSON,2025,11,Trimestre 4,Semestre 2,0,0.0,1.0
99.9,1,25.0,0.0,8.0,1,B2C,Particulier,Tunis,25.0,False,Site Web,CÉRAMIQUES,Site_Web,PAY IN PERSON,2025,11,Trimestre 4,Semestre 2,0,0.0,1.0
99.9,1,25.0,0.0,8.0,1,B2C,Particulier,Tunis,25.0,False,Site Web,CÉRAMIQUES,Site_Web,PAY IN PERSON,2025,11,Trimestre 4,Semestre 2,0,0.0,1.0
99.9,1,49.9,0.0,8.0,1,B2C,Particulier,Tunis,49.9,False,Site Web,VERRES,Site_Web,PAY IN PERSON,2025,11,Trimestre 4,Semestre 2,0,0.0,1.0
100.0,5,20.0,0.0,8.0,1,B2C,Particulier,Tunis,20.0,False,Site Web,COUFFINS & FOUTAS,Site_Web,PAY IN PERSON,2025,11,Trimestre 4,Semestre 2,0,0.0,1.0
115.0,1,30.0,0.0,8.0,1,B2C,Particulier,Tunis,30.0,False,Site Web,"CÉRAMIQUES, SERVICE DE TABLE",Site_Web,PAY IN PERSON,2025,11,Trimestre 4,Semestre 2,0,0.0,1.0
115.0,1,25.0,0.0,8.0,1,B2C,Particulier,Tunis,25.0,False,Site Web,CÉRAMIQUES,Site_Web,PAY IN PERSON,2025,11,Trimestre 4,Semestre 2,0,0.0,1.0
115.0,2,30.0,0.0,8.0,1,B2C,Particulier,Tunis,30.0,False,Site Web,CÉRAMIQUES,Site_Web,PAY IN PERSON,2025,11,Trimestre 4,Semestre 2,0,0.0,1.0
80.0,1,25.0,0.0,8.0,1,B2C,Particulier,Jendouba,25.0,False,Site Web,CÉRAMIQUES,Site_Web,PAY IN PERSON,2025,11,Trimestre 4,Semestre 2,0,0.0,1.0
80.0,1,30.0,0.0,8.0,1,B2C,Particulier,Jendouba,30.0,False,Site Web,CÉRAMIQUES,Site_Web,PAY IN PERSON,2025,11,Trimestre 4,Semestre 2,0,0.0,1.0
80.0,1,25.0,0.0,8.0,1,B2C,Particulier,Jendouba,25.0,False,Site Web,CÉRAMIQUES,Site_Web,PAY IN PERSON,2025,11,Trimestre 4,Semestre 2,0,0.0,1.0
99.9,1,49.9,0.0,8.0,1,B2C,Particulier,Nabeul,49.9,False,Site Web,VERRES,Site_Web,PAY IN PERSON,2025,11,Trimestre 4,Semestre 2,0,0.0,1.0
99.9,1,25.0,0.0,8.0,1,B2C,Particulier,Nabeul,25.0,False,Site Web,CÉRAMIQUES,Site_Web,PAY IN PERSON,2025,11,Trimestre 4,Semestre 2,0,0.0,1.0
99.9,1,25.0,0.0,8.0,1,B2C,Particulier,Nabeul,25.0,False,Site Web,CÉRAMIQUES,Site_Web,PAY IN PERSON,2025,11,Trimestre 4,Semestre 2,0,0.0,1.0
100.0,1,30.0,0.0,8.0,1,B2C,Particulier,Tunis,30.0,False,Site Web,"CÉRAMIQUES, SERVICE DE TABLE",Site_Web,PAY IN PERSON,2025,11,Trimestre 4,Semestre 2,0,0.0,1.0
100.0,1,25.0,0.0,8.0,1,B2C,Particulier,Tunis,25.0,False,Site Web,BOIS D'OLIVIER,Site_Web,PAY IN PERSON,2025,11,Trimestre 4,Semestre 2,0,0.0,1.0
100.0,1,45.0,0.0,8.0,1,B2C,Particulier,Tunis,45.0,False,Site Web,JEUX,Site_Web,PAY IN PERSON,2025,11,Trimestre 4,Semestre 2,0,0.0,1.0
104.0,1,20.0,0.0,8.0,1,B2C,Particulier,Tunis,20.0,False,Site Web,"CÉRAMIQUES, SERVICE DE TABLE",Site_Web,PAY IN PERSON,2025,11,Trimestre 4,Semestre 2,0,0.0,1.0
104.0,1,25.0,0.0,8.0,1,B2C,Particulier,Tunis,25.0,False,Site Web,CÉRAMIQUES,Site_Web,PAY IN PERSON,2025,11,Trimestre 4,Semestre 2,0,0.0,1.0
104.0,1,25.0,0.0,8.0,1,B2C,Particulier,Tunis,25.0,False,Site Web,CÉRAMIQUES,Site_Web,PAY IN PERSON,2025,11,Trimestre 4,Semestre 2,0,0.0,1.0
104.0,1,34.0,0.0,8.0,1,B2C,Particulier,Tunis,34.0,False,Site Web,SERVICE DE TABLE,Site_Web,PAY IN PERSON,2025,11,Trimestre 4,Semestre 2,0,0.0,1.0
100.0,2,50.0,0.0,8.0,1,B2C,Particulier,Tunis,50.0,False,Site Web,"VERRES, CUIVRES",Site_Web,PAY IN PERSON,2025,11,Trimestre 4,Semestre 2,0,0.0,1.0
200.0,1,200.0,0.0,0.0,1,B2B,Entreprise,Tunis,238.0,False,Terrain,LUMINAIRES,Terrain,VIREMENT,2025,11,Trimestre 4,Semestre 2,0,0.0,0.8403361344537815
1785.0,1500,1.19,0.0,0.0,1,B2B,Entreprise,Tunis,1.4161,False,Terrain,ART DE LA TABLE,Terrain,VIREMENT,2025,11,Trimestre 4,Semestre 2,0,0.0,0.8403361344537815
80.0,1,80.0,0.0,8.0,1,B2C,Particulier,Ariana,80.0,False,Site Web,BOIS D'OLIVIER,Site_Web,WALLET PAYMENT,2025,11,Trimestre 4,Semestre 2,0,0.0,1.0
84.0,1,25.0,0.0,8.0,1,B2C,Particulier,Tunis,25.0,False,Site Web,CÉRAMIQUES,Site_Web,WALLET PAYMENT,2025,11,Trimestre 4,Semestre 2,0,0.0,1.0
84.0,1,25.0,0.0,8.0,1,B2C,Particulier,Tunis,25.0,False,Site Web,CÉRAMIQUES,Site_Web,WALLET PAYMENT,2025,11,Trimestre 4,Semestre 2,0,0.0,1.0
84.0,1,34.0,0.0,8.0,1,B2C,Particulier,Tunis,34.0,False,Site Web,SERVICE DE TABLE,Site_Web,WALLET PAYMENT,2025,11,Trimestre 4,Semestre 2,0,0.0,1.0
124.0,1,34.0,0.0,8.0,1,B2C,Particulier,Tunis,34.0,False,Site Web,SERVICE DE TABLE,Site_Web,PAY IN PERSON,2025,11,Trimestre 4,Semestre 2,0,0.0,1.0
124.0,1,90.0,0.0,8.0,1,B2C,Particulier,Tunis,90.0,False,Site Web,SERVICE DE TABLE,Site_Web,PAY IN PERSON,2025,11,Trimestre 4,Semestre 2,0,0.0,1.0
128.0,4,32.0,0.0,0.0,1,B2B,Entreprise,Sousse,38.08,False,Terrain,COFFRETS CADEAUX,Terrain,VIREMENT,2025,11,Trimestre 4,Semestre 2,0,0.0,0.8403361344537815
96.0,3,32.0,0.0,0.0,1,B2B,Entreprise,Ben Arous,38.08,False,Terrain,COFFRETS CADEAUX,Terrain,VIREMENT,2025,11,Trimestre 4,Semestre 2,0,0.0,0.8403361344537815
90.0,1,30.0,0.0,8.0,1,B2C,Particulier,Tunis,30.0,False,Site Web,"CÉRAMIQUES, SERVICE DE TABLE",Site_Web,PAY IN PERSON,2025,11,Trimestre 4,Semestre 2,0,0.0,1.0
90.0,1,30.0,0.0,8.0,1,B2C,Particulier,Tunis,30.0,False,Site Web,CÉRAMIQUES,Site_Web,PAY IN PERSON,2025,11,Trimestre 4,Semestre 2,0,0.0,1.0
90.0,1,30.0,0.0,8.0,1,B2C,Particulier,Tunis,30.0,False,Site Web,CÉRAMIQUES,Site_Web,PAY IN PERSON,2025,11,Trimestre 4,Semestre 2,0,0.0,1.0
100.0,1,50.0,0.0,8.0,1,B2C,Particulier,Tunis,50.0,False,Site Web,"VERRES, CUIVRES",Site_Web,PAY IN PERSON,2025,11,Trimestre 4,Semestre 2,0,0.0,1.0
100.0,2,25.0,0.0,8.0,1,B2C,Particulier,Tunis,25.0,False,Site Web,CÉRAMIQUES,Site_Web,PAY IN PERSON,2025,11,Trimestre 4,Semestre 2,0,0.0,1.0
85.0,1,20.0,0.0,8.0,1,B2C,Particulier,Tunis,20.0,False,Site Web,"CÉRAMIQUES, SERVICE DE TABLE",Site_Web,WALLET PAYMENT,2025,11,Trimestre 4,Semestre 2,0,0.0,1.0
85.0,1,35.0,0.0,8.0,1,B2C,Particulier,Tunis,25.0,False,Site Web,VASES ET POTS,Site_Web,WALLET PAYMENT,2025,11,Trimestre 4,Semestre 2,0,0.0,1.4
85.0,1,30.0,0.0,8.0,1,B2C,Particulier,Tunis,30.0,False,Site Web,JEUX,Site_Web,WALLET PAYMENT,2025,11,Trimestre 4,Semestre 2,0,0.0,1.0
1100.0,5,220.0,0.0,0.0,1,B2B,Entreprise,Tunis,220.0,False,Terrain,LA TOUCHE DÉCO,Terrain,VIREMENT,2025,11,Trimestre 4,Semestre 2,0,0.0,1.0
2550.0,15,170.0,0.0,0.0,1,B2B,Entreprise,Tunis,170.0,False,Terrain,COFFRETS CADEAUX,Terrain,VIREMENT,2025,11,Trimestre 4,Semestre 2,0,0.0,1.0
3400.0,20,170.0,0.0,0.0,1,B2B,Entreprise,Tunis,170.0,False,Terrain,COFFRETS CADEAUX,Terrain,VIREMENT,2025,11,Trimestre 4,Semestre 2,0,0.0,1.0
425.0,1,425.0,0.0,0.0,1,B2B,Entreprise,Tunis,425.0,False,Terrain,ART DE LA TABLE,Terrain,VIREMENT,2025,11,Trimestre 4,Semestre 2,0,0.0,1.0
90.0,1,90.0,0.0,8.0,1,B2C,Particulier,Sfax,90.0,False,Site Web,"CÉRAMIQUES, VASES",Site_Web,WALLET PAYMENT,2025,11,Trimestre 4,Semestre 2,0,0.0,1.0
99.9,1,50.0,0.0,8.0,1,B2C,Particulier,Nabeul,50.0,False,Site Web,"VERRES, CUIVRES",Site_Web,PAY IN PERSON,2025,12,Trimestre 4,Semestre 2,1,0.0,1.0
99.9,1,49.9,0.0,8.0,1,B2C,Particulier,Nabeul,49.9,False,Site Web,VERRES,Site_Web,PAY IN PERSON,2025,12,Trimestre 4,Semestre 2,1,0.0,1.0
25.0,1,25.0,0.0,8.0,1,B2C,Particulier,Sousse,25.0,False,Site Web,ART DE TABLE,Site_Web,PAY IN PERSON,2025,12,Trimestre 4,Semestre 2,1,0.0,1.0
119.0,1,119.0,0.0,8.0,1,B2C,Particulier,Nabeul,119.0,False,Site Web,COUFFINS & FOUTAS,Site_Web,PAY IN PERSON,2025,12,Trimestre 4,Semestre 2,1,0.0,1.0
90.0,1,90.0,0.0,8.0,1,B2C,Particulier,Tunis,90.0,False,Site Web,COUFFINS & FOUTAS,Site_Web,WALLET PAYMENT,2025,12,Trimestre 4,Semestre 2,1,0.0,1.0
90.0,1,90.0,0.0,8.0,1,B2C,Particulier,Ben Arous,90.0,False,Site Web,SERVICE DE TABLE,Site_Web,WALLET PAYMENT,2025,12,Trimestre 4,Semestre 2,1,0.0,1.0
119.0,1,119.0,0.0,8.0,1,B2C,Particulier,,119.0,False,Site Web,COUFFINS & FOUTAS,Site_Web,PAY IN PERSON,2025,12,Trimestre 4,Semestre 2,1,0.0,1.0
115.0,1,90.0,0.0,8.0,1,B2C,Particulier,Tunis,90.0,False,Site Web,COUFFINS & FOUTAS,Site_Web,PAY IN PERSON,2025,12,Trimestre 4,Semestre 2,1,0.0,1.0
115.0,1,25.0,0.0,8.0,1,B2C,Particulier,Tunis,25.0,False,Site Web,CÉRAMIQUES,Site_Web,PAY IN PERSON,2025,12,Trimestre 4,Semestre 2,1,0.0,1.0
119.0,1,119.0,0.0,8.0,1,B2C,Particulier,Tunis,119.0,False,Site Web,COUFFINS & FOUTAS,Site_Web,PAY IN PERSON,2025,12,Trimestre 4,Semestre 2,1,0.0,1.0
85.0,2,30.0,0.0,8.0,1,B2C,Particulier,Ben Arous,30.0,False,Site Web,"CÉRAMIQUES, SERVICE DE TABLE",Site_Web,WALLET PAYMENT,2025,12,Trimestre 4,Semestre 2,1,0.0,1.0
85.0,1,25.0,0.0,8.0,1,B2C,Particulier,Ben Arous,25.0,False,Site Web,CÉRAMIQUES,Site_Web,WALLET PAYMENT,2025,12,Trimestre 4,Semestre 2,1,0.0,1.0
90.0,1,90.0,0.0,8.0,1,B2C,Particulier,Tunis,90.0,False,Site Web,SERVICE DE TABLE,Site_Web,WALLET PAYMENT,2025,12,Trimestre 4,Semestre 2,1,0.0,1.0
90.0,1,90.0,0.0,8.0,1,B2C,Particulier,Tunis,90.0,False,Site Web,SERVICE DE TABLE,Site_Web,WALLET PAYMENT,2025,12,Trimestre 4,Semestre 2,1,0.0,1.0
80.0,1,80.0,0.0,8.0,1,B2C,Particulier,Ben Arous,80.0,False,Site Web,BOIS D'OLIVIER,Site_Web,WALLET PAYMENT,2025,12,Trimestre 4,Semestre 2,1,0.0,1.0
90.0,1,90.0,0.0,8.0,1,B2C,Particulier,Bizerte,90.0,False,Site Web,COUFFINS & FOUTAS,Site_Web,WALLET PAYMENT,2025,12,Trimestre 4,Semestre 2,1,0.0,1.0
90.0,1,90.0,0.0,8.0,1,B2C,Particulier,Tunis,90.0,False,Site Web,COUFFINS & FOUTAS,Site_Web,WALLET PAYMENT,2025,12,Trimestre 4,Semestre 2,1,0.0,1.0
450.0,10,45.0,0.0,0.0,1,B2B,Entreprise,Tunis,45.0,False,Terrain,ARTICLES EN CUIVRE,Terrain,VIREMENT,2025,12,Trimestre 4,Semestre 2,1,0.0,1.0
20.0,1,20.0,0.0,0.0,1,B2B,Entreprise,Tunis,1785.0,False,Terrain,LUMINAIRES,Terrain,VIREMENT,2025,12,Trimestre 4,Semestre 2,1,0.0,0.011204481792717087
108.9,1,49.9,0.0,8.0,1,B2C,Particulier,Tunis,49.9,False,Site Web,VERRES,Site_Web,PAY IN PERSON,2025,12,Trimestre 4,Semestre 2,1,0.0,1.0
108.9,1,34.0,0.0,8.0,1,B2C,Particulier,Tunis,34.0,False,Site Web,SERVICE DE TABLE,Site_Web,PAY IN PERSON,2025,12,Trimestre 4,Semestre 2,1,0.0,1.0
108.9,1,25.0,0.0,8.0,1,B2C,Particulier,Tunis,25.0,False,Site Web,CÉRAMIQUES,Site_Web,PAY IN PERSON,2025,12,Trimestre 4,Semestre 2,1,0.0,1.0
90.0,1,65.0,0.0,8.0,1,B2C,Particulier,Tunis,65.0,False,Site Web,JEUX,Site_Web,WALLET PAYMENT,2025,12,Trimestre 4,Semestre 2,1,0.0,1.0
90.0,1,25.0,0.0,8.0,1,B2C,Particulier,Tunis,25.0,False,Site Web,CÉRAMIQUES,Site_Web,WALLET PAYMENT,2025,12,Trimestre 4,Semestre 2,1,0.0,1.0
99.8,2,49.9,0.0,8.0,1,B2C,Particulier,Tunis,49.9,False,Site Web,VERRES,Site_Web,PAY IN PERSON,2025,12,Trimestre 4,Semestre 2,1,0.0,1.0
99.9,1,50.0,0.0,8.0,1,B2C,Particulier,Ben Arous,50.0,False,Site Web,"VERRES, CUIVRES",Site_Web,PAY IN PERSON,2025,12,Trimestre 4,Semestre 2,1,0.0,1.0
99.9,1,49.9,0.0,8.0,1,B2C,Particulier,Ben Arous,49.9,False,Site Web,VERRES,Site_Web,PAY IN PERSON,2025,12,Trimestre 4,Semestre 2,1,0.0,1.0
75.0,5,15.0,0.0,0.0,1,B2B,Entreprise,Sousse,17.849999999999998,False,Terrain,ARTISANAT,Terrain,VIREMENT,2025,12,Trimestre 4,Semestre 2,1,0.0,0.8403361344537816
125.0,5,25.0,0.0,0.0,1,B2B,Entreprise,Sousse,29.75,False,Terrain,ARTISANAT,Terrain,VIREMENT,2025,12,Trimestre 4,Semestre 2,1,0.0,0.8403361344537815
150.0,5,30.0,0.0,0.0,1,B2B,Entreprise,Sousse,35.699999999999996,False,Terrain,ARTISANAT,Terrain,VIREMENT,2025,12,Trimestre 4,Semestre 2,1,0.0,0.8403361344537816
190.0,5,38.0,0.0,0.0,1,B2B,Entreprise,Sousse,45.22,False,Terrain,ARTISANAT,Terrain,VIREMENT,2025,12,Trimestre 4,Semestre 2,1,0.0,0.8403361344537815
65.0,5,13.0,0.0,0.0,1,B2B,Entreprise,Sousse,15.469999999999999,False,Terrain,LA TOUCHE DÉCO,Terrain,VIREMENT,2025,12,Trimestre 4,Semestre 2,1,0.0,0.8403361344537815
105.0,1,80.0,0.0,8.0,1,B2C,Particulier,Tunis,80.0,False,Site Web,SERVICE DE TABLE,Site_Web,PAY IN PERSON,2025,12,Trimestre 4,Semestre 2,1,0.0,1.0
105.0,1,25.0,0.0,8.0,1,B2C,Particulier,Tunis,25.0,False,Site Web,CÉRAMIQUES,Site_Web,PAY IN PERSON,2025,12,Trimestre 4,Semestre 2,1,0.0,1.0
89.9,1,49.9,0.0,8.0,1,B2C,Particulier,Tunis,49.9,False,Site Web,VERRES,Site_Web,WALLET PAYMENT,2025,12,Trimestre 4,Semestre 2,1,0.0,1.0
89.9,1,20.0,0.0,8.0,1,B2C,Particulier,Tunis,20.0,False,Site Web,COUFFINS & FOUTAS,Site_Web,WALLET PAYMENT,2025,12,Trimestre 4,Semestre 2,1,0.0,1.0
89.9,1,20.0,0.0,8.0,1,B2C,Particulier,Tunis,20.0,False,Site Web,COUFFINS & FOUTAS,Site_Web,WALLET PAYMENT,2025,12,Trimestre 4,Semestre 2,1,0.0,1.0
119.0,1,119.0,0.0,8.0,1,B2C,Particulier,Tunis,119.0,False,Site Web,COUFFINS & FOUTAS,Site_Web,PAY IN PERSON,2025,12,Trimestre 4,Semestre 2,1,0.0,1.0
100.0,1,25.0,0.0,8.0,1,B2C,Particulier,Tunis,25.0,False,Site Web,CÉRAMIQUES,Site_Web,PAY IN PERSON,2025,12,Trimestre 4,Semestre 2,1,0.0,1.0
100.0,1,25.0,0.0,8.0,1,B2C,Particulier,Tunis,25.0,False,Site Web,CÉRAMIQUES,Site_Web,PAY IN PERSON,2025,12,Trimestre 4,Semestre 2,1,0.0,1.0
100.0,1,25.0,0.0,8.0,1,B2C,Particulier,Tunis,25.0,False,Site Web,CÉRAMIQUES,Site_Web,PAY IN PERSON,2025,12,Trimestre 4,Semestre 2,1,0.0,1.0
100.0,1,25.0,0.0,8.0,1,B2C,Particulier,Tunis,25.0,False,Site Web,CÉRAMIQUES,Site_Web,PAY IN PERSON,2025,12,Trimestre 4,Semestre 2,1,0.0,1.0
90.0,1,90.0,0.0,8.0,1,B2C,Particulier,Tunis,90.0,False,Site Web,COUFFINS & FOUTAS,Site_Web,WALLET PAYMENT,2025,12,Trimestre 4,Semestre 2,1,0.0,1.0
90.0,2,30.0,0.0,8.0,1,B2C,Particulier,Tunis,30.0,False,Site Web,"CÉRAMIQUES, SERVICE DE TABLE",Site_Web,WALLET PAYMENT,2025,12,Trimestre 4,Semestre 2,1,0.0,1.0
90.0,1,30.0,0.0,8.0,1,B2C,Particulier,Tunis,30.0,False,Site Web,CÉRAMIQUES,Site_Web,WALLET PAYMENT,2025,12,Trimestre 4,Semestre 2,1,0.0,1.0
90.0,1,90.0,0.0,8.0,1,B2C,Particulier,Tunis,90.0,False,Site Web,"CÉRAMIQUES, BOUGEOIRS",Site_Web,WALLET PAYMENT,2025,12,Trimestre 4,Semestre 2,1,0.0,1.0
12667.5,450,28.15,0.0,0.0,1,B2B,Entreprise,Tunis,33.4985,False,Terrain,ART DE LA TABLE,Terrain,VIREMENT,2025,12,Trimestre 4,Semestre 2,1,0.0,0.8403361344537815
900.0,450,2.0,0.0,0.0,1,B2B,Entreprise,Tunis,2.38,False,Terrain,LA TOUCHE DÉCO,Terrain,VIREMENT,2025,12,Trimestre 4,Semestre 2,1,0.0,0.8403361344537815
3600.0,450,8.0,0.0,0.0,1,B2B,Entreprise,Tunis,9.52,False,Terrain,TOTE BAGS,Terrain,VIREMENT,2025,12,Trimestre 4,Semestre 2,1,0.0,0.8403361344537815
300.0,20,15.0,0.0,0.0,1,B2B,Entreprise,Tunis,15.0,False,Terrain,COFFRETS CADEAUX,Terrain,VIREMENT,2025,12,Trimestre 4,Semestre 2,1,0.0,1.0
1100.0,5,220.0,0.0,0.0,1,B2B,Entreprise,Tunis,220.0,False,Terrain,LA TOUCHE DÉCO,Terrain,VIREMENT,2025,12,Trimestre 4,Semestre 2,1,0.0,1.0
2550.0,15,170.0,0.0,0.0,1,B2B,Entreprise,Tunis,170.0,False,Terrain,COFFRETS CADEAUX,Terrain,VIREMENT,2025,12,Trimestre 4,Semestre 2,1,0.0,1.0
3400.0,20,170.0,0.0,0.0,1,B2B,Entreprise,Tunis,170.0,False,Terrain,COFFRETS CADEAUX,Terrain,VIREMENT,2025,12,Trimestre 4,Semestre 2,1,0.0,1.0
425.0,1,425.0,0.0,0.0,1,B2B,Entreprise,Tunis,425.0,False,Terrain,ART DE LA TABLE,Terrain,VIREMENT,2025,12,Trimestre 4,Semestre 2,1,0.0,1.0
720.0,20,36.0,0.0,0.0,1,B2B,Entreprise,Tunis,42.839999999999996,False,Terrain,ARTICLES EN CUIVRE,Terrain,VIREMENT,2025,12,Trimestre 4,Semestre 2,1,0.0,0.8403361344537816
1000.0,20,50.0,0.0,0.0,1,B2B,Entreprise,Tunis,59.5,False,Terrain,ARTICLES EN CUIVRE,Terrain,VIREMENT,2025,12,Trimestre 4,Semestre 2,1,0.0,0.8403361344537815
93.0,1,48.0,0.0,8.0,1,B2C,Particulier,Tunis,48.0,False,Site Web,JEUX,Site_Web,PAY IN PERSON,2025,12,Trimestre 4,Semestre 2,1,0.0,1.0
93.0,1,45.0,0.0,8.0,1,B2C,Particulier,Tunis,45.0,False,Site Web,JEUX,Site_Web,PAY IN PERSON,2025,12,Trimestre 4,Semestre 2,1,0.0,1.0
99.8,2,49.9,0.0,8.0,1,B2C,Particulier,Tunis,49.9,False,Site Web,VERRES,Site_Web,PAY IN PERSON,2025,12,Trimestre 4,Semestre 2,1,0.0,1.0
106.0,1,50.0,0.0,8.0,1,B2C,Particulier,Tunis,50.0,False,Site Web,"VERRES, CUIVRES",Site_Web,PAY IN PERSON,2025,12,Trimestre 4,Semestre 2,1,0.0,1.0
106.0,1,56.0,0.0,8.0,1,B2C,Particulier,Tunis,56.0,False,Site Web,"VERRES, SERVICE DE TABLE",Site_Web,PAY IN PERSON,2025,12,Trimestre 4,Semestre 2,1,0.0,1.0
90.0,1,90.0,0.0,8.0,1,B2C,Particulier,Tunis,90.0,False,Site Web,SERVICE DE TABLE,Site_Web,PAY IN PERSON,2025,12,Trimestre 4,Semestre 2,1,0.0,1.0
90.0,1,90.0,0.0,8.0,1,B2C,Particulier,Tunis,90.0,False,Site Web,COUFFINS & FOUTAS,Site_Web,WALLET PAYMENT,2025,12,Trimestre 4,Semestre 2,1,0.0,1.0
79.9,1,30.0,0.0,8.0,1,B2C,Particulier,Ben Arous,30.0,False,Site Web,"CÉRAMIQUES, SERVICE DE TABLE",Site_Web,WALLET PAYMENT,2025,12,Trimestre 4,Semestre 2,1,0.0,1.0
79.9,1,49.9,0.0,8.0,1,B2C,Particulier,Ben Arous,49.9,False,Site Web,VERRES,Site_Web,WALLET PAYMENT,2025,12,Trimestre 4,Semestre 2,1,0.0,1.0
79.9,1,30.0,0.0,8.0,1,B2C,Particulier,Ben Arous,30.0,False,Site Web,"CÉRAMIQUES, SERVICE DE TABLE",Site_Web,PAY IN PERSON,2025,12,Trimestre 4,Semestre 2,1,0.0,1.0
79.9,1,49.9,0.0,8.0,1,B2C,Particulier,Ben Arous,49.9,False,Site Web,VERRES,Site_Web,PAY IN PERSON,2025,12,Trimestre 4,Semestre 2,1,0.0,1.0
90.0,1,90.0,0.0,8.0,1,B2C,Particulier,Tunis,90.0,False,Site Web,COUFFINS & FOUTAS,Site_Web,WALLET PAYMENT,2025,12,Trimestre 4,Semestre 2,1,0.0,1.0
123.0,1,45.0,0.0,8.0,1,B2C,Particulier,Kairouan,45.0,False,Site Web,JEUX,Site_Web,PAY IN PERSON,2025,12,Trimestre 4,Semestre 2,1,0.0,1.0
123.0,1,48.0,0.0,8.0,1,B2C,Particulier,Kairouan,48.0,False,Site Web,JEUX,Site_Web,PAY IN PERSON,2025,12,Trimestre 4,Semestre 2,1,0.0,1.0
123.0,1,30.0,0.0,8.0,1,B2C,Particulier,Kairouan,30.0,False,Site Web,JEUX,Site_Web,PAY IN PERSON,2025,12,Trimestre 4,Semestre 2,1,0.0,1.0
75.0,1,20.0,0.0,8.0,1,B2C,Particulier,Gabes,20.0,False,Site Web,ARTISANAT,Site_Web,PAY IN PERSON,2025,12,Trimestre 4,Semestre 2,1,0.0,1.0
75.0,1,30.0,0.0,8.0,1,B2C,Particulier,Gabes,30.0,False,Site Web,CÉRAMIQUES,Site_Web,PAY IN PERSON,2025,12,Trimestre 4,Semestre 2,1,0.0,1.0
75.0,1,25.0,0.0,8.0,1,B2C,Particulier,Gabes,25.0,False,Site Web,CÉRAMIQUES,Site_Web,PAY IN PERSON,2025,12,Trimestre 4,Semestre 2,1,0.0,1.0
90.0,1,90.0,0.0,8.0,1,B2C,Particulier,Tunis,90.0,False,Site Web,COUFFINS & FOUTAS,Site_Web,WALLET PAYMENT,2025,12,Trimestre 4,Semestre 2,1,0.0,1.0
90.0,1,90.0,0.0,8.0,1,B2C,Particulier,Tunis,90.0,False,Site Web,COUFFINS & FOUTAS,Site_Web,PAY IN PERSON,2025,12,Trimestre 4,Semestre 2,1,0.0,1.0
90.0,1,90.0,0.0,8.0,1,B2C,Particulier,Tunis,90.0,False,Site Web,COUFFINS & FOUTAS,Site_Web,WALLET PAYMENT,2025,12,Trimestre 4,Semestre 2,1,0.0,1.0
90.0,1,90.0,0.0,8.0,1,B2C,Particulier,Ben Arous,90.0,False,Site Web,COUFFINS & FOUTAS,Site_Web,WALLET PAYMENT,2025,12,Trimestre 4,Semestre 2,1,0.0,1.0
105.0,1,80.0,0.0,8.0,1,B2C,Particulier,Tunis,80.0,False,Site Web,SERVICE DE TABLE,Site_Web,PAY IN PERSON,2025,12,Trimestre 4,Semestre 2,1,0.0,1.0
105.0,1,25.0,0.0,8.0,1,B2C,Particulier,Tunis,25.0,False,Site Web,BOIS D'OLIVIER,Site_Web,PAY IN PERSON,2025,12,Trimestre 4,Semestre 2,1,0.0,1.0
150.0,1,100.0,0.0,0.0,1,B2C,Particulier,Ben Arous,100.0,False,Site Web,"VERRES, SERVICE DE TABLE",Site_Web,PAY IN PERSON,2025,12,Trimestre 4,Semestre 2,1,0.0,1.0
150.0,1,50.0,0.0,0.0,1,B2C,Particulier,Ben Arous,50.0,False,Site Web,"VERRES, CUIVRES",Site_Web,PAY IN PERSON,2025,12,Trimestre 4,Semestre 2,1,0.0,1.0
100.0,1,25.0,0.0,8.0,1,B2C,Particulier,Tunis,25.0,False,Site Web,CÉRAMIQUES,Site_Web,PAY IN PERSON,2025,12,Trimestre 4,Semestre 2,1,0.0,1.0
100.0,1,25.0,0.0,8.0,1,B2C,Particulier,Tunis,25.0,False,Site Web,CÉRAMIQUES,Site_Web,PAY IN PERSON,2025,12,Trimestre 4,Semestre 2,1,0.0,1.0
100.0,1,30.0,0.0,8.0,1,B2C,Particulier,Tunis,30.0,False,Site Web,CÉRAMIQUES,Site_Web,PAY IN PERSON,2025,12,Trimestre 4,Semestre 2,1,0.0,1.0
100.0,1,20.0,0.0,8.0,1,B2C,Particulier,Tunis,20.0,False,Site Web,"CÉRAMIQUES, COUFFINS & FOUTAS",Site_Web,PAY IN PERSON,2025,12,Trimestre 4,Semestre 2,1,0.0,1.0
89.9,1,20.0,0.0,8.0,1,B2C,Particulier,Bizerte,20.0,False,Site Web,COUFFINS & FOUTAS,Site_Web,WALLET PAYMENT,2025,12,Trimestre 4,Semestre 2,1,0.0,1.0
89.9,1,49.9,0.0,8.0,1,B2C,Particulier,Bizerte,49.9,False,Site Web,VERRES,Site_Web,WALLET PAYMENT,2025,12,Trimestre 4,Semestre 2,1,0.0,1.0
89.9,1,20.0,0.0,8.0,1,B2C,Particulier,Bizerte,20.0,False,Site Web,"CÉRAMIQUES, SERVICE DE TABLE",Site_Web,WALLET PAYMENT,2025,12,Trimestre 4,Semestre 2,1,0.0,1.0
58.0,1,58.0,0.0,8.0,1,B2C,Particulier,Tunis,58.0,False,Site Web,JEUX,Site_Web,PAY IN PERSON,2025,12,Trimestre 4,Semestre 2,1,0.0,1.0
89.9,1,20.0,0.0,8.0,1,B2C,Particulier,Tunis,20.0,False,Site Web,"CÉRAMIQUES, SERVICE DE TABLE",Site_Web,WALLET PAYMENT,2025,12,Trimestre 4,Semestre 2,1,0.0,1.0
89.9,1,20.0,0.0,8.0,1,B2C,Particulier,Tunis,20.0,False,Site Web,COUFFINS & FOUTAS,Site_Web,WALLET PAYMENT,2025,12,Trimestre 4,Semestre 2,1,0.0,1.0
89.9,1,49.9,0.0,8.0,1,B2C,Particulier,Tunis,49.9,False,Site Web,VERRES,Site_Web,WALLET PAYMENT,2025,12,Trimestre 4,Semestre 2,1,0.0,1.0
150.0,1,150.0,0.0,0.0,1,B2C,Particulier,Tunis,150.0,False,Site Web,"VERRES, SERVICE DE TABLE",Site_Web,PAY IN PERSON,2025,12,Trimestre 4,Semestre 2,1,0.0,1.0
90.0,1,90.0,0.0,8.0,1,B2C,Particulier,Jendouba,90.0,False,Site Web,SERVICE DE TABLE,Site_Web,WALLET PAYMENT,2025,12,Trimestre 4,Semestre 2,1,0.0,1.0
90.0,1,90.0,0.0,8.0,1,B2C,Particulier,Jendouba,90.0,False,Site Web,SERVICE DE TABLE,Site_Web,PAY IN PERSON,2025,12,Trimestre 4,Semestre 2,1,0.0,1.0
90.0,1,90.0,0.0,8.0,1,B2C,Particulier,Tunis,90.0,False,Site Web,SERVICE DE TABLE,Site_Web,WALLET PAYMENT,2025,12,Trimestre 4,Semestre 2,1,0.0,1.0
90.0,1,90.0,0.0,8.0,1,B2C,Particulier,Tunis,90.0,False,Site Web,"CÉRAMIQUES, VASES",Site_Web,WALLET PAYMENT,2025,12,Trimestre 4,Semestre 2,1,0.0,1.0
90.0,1,90.0,0.0,8.0,1,B2C,Particulier,Ariana,90.0,False,Site Web,SERVICE DE TABLE,Site_Web,WALLET PAYMENT,2025,12,Trimestre 4,Semestre 2,1,0.0,1.0
100.0,5,20.0,0.0,8.0,1,B2C,Particulier,Tunis,20.0,False,Site Web,COUFFINS & FOUTAS,Site_Web,PAY IN PERSON,2025,12,Trimestre 4,Semestre 2,1,0.0,1.0
120.0,4,30.0,0.0,8.0,1,B2C,Particulier,Tunis,30.0,False,Site Web,"CÉRAMIQUES, SERVICE DE TABLE",Site_Web,PAY IN PERSON,2025,12,Trimestre 4,Semestre 2,1,0.0,1.0
98.0,1,50.0,0.0,8.0,1,B2C,Particulier,Manubah,50.0,False,Site Web,"VERRES, CUIVRES",Site_Web,PAY IN PERSON,2025,12,Trimestre 4,Semestre 2,1,0.0,1.0
98.0,1,48.0,0.0,8.0,1,B2C,Particulier,Manubah,48.0,False,Site Web,JEUX,Site_Web,PAY IN PERSON,2025,12,Trimestre 4,Semestre 2,1,0.0,1.0
65.0,1,65.0,0.0,8.0,1,B2C,Particulier,Ben Arous,65.0,False,Site Web,JEUX,Site_Web,PAY IN PERSON,2025,12,Trimestre 4,Semestre 2,1,0.0,1.0
30.0,1,30.0,0.0,8.0,1,B2C,Particulier,Sfax,30.0,False,Site Web,JEUX,Site_Web,PAY IN PERSON,2025,12,Trimestre 4,Semestre 2,1,0.0,1.0
124.0,1,90.0,0.0,8.0,1,B2C,Particulier,Ben Arous,90.0,False,Site Web,SERVICE DE TABLE,Site_Web,PAY IN PERSON,2025,12,Trimestre 4,Semestre 2,1,0.0,1.0
124.0,1,34.0,0.0,8.0,1,B2C,Particulier,Ben Arous,34.0,False,Site Web,SERVICE DE TABLE,Site_Web,PAY IN PERSON,2025,12,Trimestre 4,Semestre 2,1,0.0,1.0
75.0,1,50.0,0.0,8.0,1,B2C,Particulier,Tunis,50.0,False,Site Web,"VERRES, CUIVRES",Site_Web,WALLET PAYMENT,2025,12,Trimestre 4,Semestre 2,1,0.0,1.0
75.0,1,25.0,0.0,8.0,1,B2C,Particulier,Tunis,25.0,False,Site Web,CÉRAMIQUES,Site_Web,WALLET PAYMENT,2025,12,Trimestre 4,Semestre 2,1,0.0,1.0
58.0,1,58.0,0.0,8.0,1,B2C,Particulier,Tunis,58.0,False,Site Web,JEUX,Site_Web,PAY IN PERSON,2025,12,Trimestre 4,Semestre 2,1,0.0,1.0
184.0,1,184.0,0.0,0.0,1,B2C,Particulier,Tunis,184.0,False,Site Web,SERVICE DE TABLE,Site_Web,PAY IN PERSON,2025,12,Trimestre 4,Semestre 2,1,0.0,1.0
153.0,1,65.0,0.0,0.0,1,B2C,Particulier,Tunis,65.0,False,Site Web,JEUX,Site_Web,PAY IN PERSON,2025,12,Trimestre 4,Semestre 2,1,0.0,1.0
153.0,1,58.0,0.0,0.0,1,B2C,Particulier,Tunis,58.0,False,Site Web,JEUX,Site_Web,PAY IN PERSON,2025,12,Trimestre 4,Semestre 2,1,0.0,1.0
153.0,1,30.0,0.0,0.0,1,B2C,Particulier,Tunis,30.0,False,Site Web,"CÉRAMIQUES, SERVICE DE TABLE",Site_Web,PAY IN PERSON,2025,12,Trimestre 4,Semestre 2,1,0.0,1.0
90.0,1,90.0,0.0,8.0,1,B2C,Particulier,Tunis,90.0,False,Site Web,SERVICE DE TABLE,Site_Web,WALLET PAYMENT,2025,12,Trimestre 4,Semestre 2,1,0.0,1.0
90.0,1,90.0,0.0,8.0,1,B2C,Particulier,Tunis,90.0,False,Site Web,SERVICE DE TABLE,Site_Web,WALLET PAYMENT,2025,12,Trimestre 4,Semestre 2,1,0.0,1.0
100.0,2,50.0,0.0,8.0,1,B2C,Particulier,Tunis,50.0,False,Site Web,"VERRES, CUIVRES",Site_Web,PAY IN PERSON,2025,12,Trimestre 4,Semestre 2,1,0.0,1.0
105.0,1,30.0,0.0,8.0,1,B2C,Particulier,Ariana,30.0,False,Site Web,CÉRAMIQUES,Site_Web,PAY IN PERSON,2025,12,Trimestre 4,Semestre 2,1,0.0,1.0
105.0,1,25.0,0.0,8.0,1,B2C,Particulier,Ariana,25.0,False,Site Web,CÉRAMIQUES,Site_Web,PAY IN PERSON,2025,12,Trimestre 4,Semestre 2,1,0.0,1.0
105.0,1,25.0,0.0,8.0,1,B2C,Particulier,Ariana,25.0,False,Site Web,CÉRAMIQUES,Site_Web,PAY IN PERSON,2025,12,Trimestre 4,Semestre 2,1,0.0,1.0
105.0,1,25.0,0.0,8.0,1,B2C,Particulier,Ariana,25.0,False,Site Web,CÉRAMIQUES,Site_Web,PAY IN PERSON,2025,12,Trimestre 4,Semestre 2,1,0.0,1.0
90.0,1,90.0,0.0,8.0,1,B2C,Particulier,Ben Arous,90.0,False,Site Web,"CÉRAMIQUES, VASES",Site_Web,WALLET PAYMENT,2025,12,Trimestre 4,Semestre 2,1,0.0,1.0
100.0,2,50.0,0.0,8.0,1,B2C,Particulier,Tunis,50.0,False,Site Web,"VERRES, CUIVRES",Site_Web,PAY IN PERSON,2026,1,Trimestre 1,Semestre 1,0,0.0,1.0
